Giocatore,Ruolo,Squadra,Gol/90,Assist/90,Gol+Assist/90,Gol/90 attesi,Assist/90 attesi,Gol+Assist/90 attesi,Occasioni create,Passaggi chiave,Pressioni,Progressioni palla (Carry/90),Progressioni palla (Pass/90),Progressioni palla (Ricezione/90),xG senza rigori,Gol senza rigori/90,Percentuale rigori,Differenza Gol fatti - attesi,Differenza Assist fatti - attesi,Cartellini/90,Espulsioni/90,Ammonizioni/90,Indice Sintetico,Punteggio (0-100),Percentile nel Ruolo,Tier
Audero,P,Cremonese,0.0,0.0,0.0,0.0,0.0,0.0,1.0,0.21,90.0,0.0,0.0,0.0,,0.0,,0.0,0.0,0.0,0.0,0.0,0.63,21.1,0.82,A
Butez,P,Como,0.0,0.0,0.0,0.0,0.0,0.0,0.95,0.47,87.68,0.0,0.05,0.0,,0.0,,0.0,0.0,0.0,0.0,0.0,0.82,27.2,0.3,C
Caprile,P,Cagliari,0.0,0.0,0.0,0.0,0.0,0.0,0.95,0.55,88.41,0.0,0.0,0.0,,0.0,,0.0,0.0,0.0,0.0,0.0,0.82,27.2,0.3,C
Carnesecchi,P,Atalanta,0.0,0.0,0.0,0.0,0.01,0.01,1.0,0.89,90.0,0.0,0.0,0.0,,0.0,,0.0,-0.2,0.03,0.0,0.03,0.69,23.1,0.66,B
Chichizola,P,,0.0,0.0,0.0,0.0,0.0,0.0,1.0,0.03,90.0,0.0,1.0,0.0,,0.0,,0.0,0.0,0.0,0.0,0.0,0.69,23.1,0.66,B
Di Gregorio,P,Juventus,0.0,0.0,0.0,0.0,0.02,0.02,1.0,0.87,90.0,0.0,0.0,0.0,,0.0,,0.0,-0.5,0.0,0.0,0.0,0.61,20.4,0.86,A
Falcone,P,Lecce,0.0,0.0,0.0,0.0,0.0,0.0,1.0,1.0,90.0,0.0,0.0,0.0,,0.0,,0.0,0.0,0.05,0.0,0.05,0.73,24.5,0.52,B
Gollini,P,Roma,0.0,0.0,0.0,0.0,0.0,0.0,1.0,0.18,90.0,0.0,0.0,0.0,,0.0,,0.0,0.0,0.14,0.0,0.14,0.88,29.3,0.2,C
Joronen,P,,0.0,0.0,0.0,0.0,0.0,0.0,0.88,0.18,87.88,0.0,0.0,0.0,,0.0,,0.0,0.0,0.0,0.0,0.0,0.94,31.3,0.15,C
Leali,P,Genoa,0.0,0.0,0.0,0.0,0.0,0.0,1.0,0.76,90.0,0.0,0.0,0.0,,0.0,,0.0,0.0,0.03,0.0,0.03,0.73,24.5,0.52,B
Maignan,P,Milan,0.0,0.0,0.0,0.0,0.02,0.02,1.0,0.97,89.03,0.0,0.11,0.0,,0.0,,0.0,-0.8,0.03,0.0,0.03,0.69,23.1,0.66,B
Mandas,P,Lazio,0.0,0.0,0.0,0.0,0.0,0.0,1.0,0.24,90.0,0.0,0.33,0.0,,0.0,,0.0,0.0,0.0,0.0,0.0,0.57,19.0,0.91,S
Martinez,P,Inter,0.0,0.0,0.0,0.0,0.02,0.02,1.0,0.13,90.0,0.0,0.0,0.0,,0.0,,0.0,-0.1,0.0,0.0,0.0,0.69,23.1,0.66,B
Meret,P,Napoli,0.0,0.0,0.0,0.0,0.0,0.0,1.0,0.89,88.38,0.0,0.03,0.0,,0.0,,0.0,0.0,0.0,0.0,0.0,0.63,21.1,0.82,A
Milinković-Savić,P,,0.0,0.0,0.0,0.0,0.0,0.0,1.0,0.97,90.0,0.0,0.0,0.0,,0.0,,0.0,-0.1,0.08,0.0,0.08,0.82,27.2,0.3,C
Montipò,P,,0.0,0.0,0.0,0.0,0.0,0.0,1.0,0.95,90.0,0.0,0.03,0.0,,0.0,,0.0,0.0,0.0,0.0,0.0,0.51,17.0,0.97,S
Musso,P,,0.0,0.0,0.0,0.0,0.0,0.0,1.0,0.03,90.0,0.0,0.0,0.0,,0.0,,0.0,0.0,0.0,0.0,0.0,0.76,25.2,0.42,C
Okoye,P,Udinese,0.0,0.0,0.0,0.0,0.0,0.0,1.0,0.66,90.0,0.0,0.04,0.0,,0.0,,0.0,0.0,0.04,0.0,0.04,0.67,22.4,0.77,A
Padelli,P,Udinese,0.0,0.0,0.0,0.0,0.0,0.0,1.0,0.03,90.0,0.0,0.0,0.0,,0.0,,0.0,0.0,0.0,0.0,0.0,0.76,25.2,0.42,C
Paleari,P,Torino,0.0,0.0,0.0,0.0,0.0,0.0,1.0,0.03,90.0,0.0,0.0,0.0,,0.0,,0.0,0.0,0.0,0.0,0.0,0.76,25.2,0.42,C
Patrício,P,,0.0,0.0,0.0,0.0,0.0,0.0,1.0,0.08,90.0,0.0,0.0,0.0,,0.0,,0.0,0.0,0.0,0.0,0.0,0.69,23.1,0.66,B
Perilli,P,Verona,0.0,0.0,0.0,0.0,0.0,0.0,1.0,0.05,90.0,0.0,0.0,0.0,,0.0,,0.0,0.0,0.0,0.0,0.0,0.69,23.1,0.66,B
Perin,P,Juventus,0.0,0.0,0.0,0.0,0.0,0.0,1.0,0.13,90.0,0.0,0.0,0.0,,0.0,,0.0,0.0,0.0,0.0,0.0,0.69,23.1,0.66,B
Pizzignacco,P,,0.0,0.0,0.0,0.0,0.0,0.0,0.89,0.21,81.78,0.0,0.0,0.0,,0.0,,0.0,0.0,0.0,0.0,0.0,1.0,33.3,0.07,C
Provedel,P,Lazio,0.0,0.0,0.0,0.0,0.01,0.01,1.0,0.76,90.0,0.0,0.14,0.0,,0.0,,0.0,-0.3,0.0,0.0,0.0,0.55,18.4,0.93,S
Radu,P,,0.0,0.0,0.0,0.0,0.0,0.0,1.0,0.39,90.0,0.0,0.0,0.0,,0.0,,0.0,0.0,0.07,0.0,0.07,0.78,25.9,0.34,C
Ravaglia,P,Bologna,0.0,0.0,0.0,0.0,0.0,0.0,0.92,0.29,88.0,0.0,0.0,0.0,,0.0,,0.0,0.0,0.0,0.0,0.0,0.94,31.3,0.15,C
Reina,P,,0.0,0.0,0.0,0.0,0.0,0.0,1.0,0.32,86.17,0.0,0.0,0.0,,0.0,,0.0,0.0,0.09,0.09,0.0,1.06,35.4,0.05,C
Sava,P,Udinese,0.0,0.0,0.0,0.0,0.0,0.0,1.0,0.32,90.0,0.0,0.0,0.0,,0.0,,0.0,0.0,0.08,0.0,0.08,0.88,29.3,0.2,C
Scuffet,P,Pisa,0.0,0.0,0.0,0.0,0.0,0.0,1.0,0.37,90.0,0.0,0.0,0.0,,0.0,,0.0,0.0,0.0,0.0,0.0,0.63,21.1,0.82,A
Seghetti,P,,0.0,0.0,0.0,0.0,0.0,0.0,1.0,0.03,90.0,0.0,0.0,0.0,,0.0,,0.0,0.0,0.0,0.0,0.0,0.76,25.2,0.42,C
Sherri,P,,0.0,0.0,0.0,0.0,0.0,0.0,1.0,0.18,88.71,0.0,0.0,0.0,,0.0,,0.0,0.0,0.0,0.0,0.0,0.76,25.2,0.42,C
Siegrist,P,Genoa,0.0,0.0,0.0,0.0,0.0,0.0,1.0,0.05,76.0,0.0,0.0,0.0,,0.0,,0.0,0.0,0.0,0.0,0.0,0.88,29.3,0.2,C
Silvestri,P,Cremonese,0.0,0.0,0.0,0.0,0.0,0.0,1.0,0.13,90.0,0.0,0.0,0.0,,0.0,,0.0,0.0,0.0,0.0,0.0,0.69,23.1,0.66,B
Skorupski,P,Bologna,0.0,0.0,0.0,0.0,0.0,0.0,1.0,0.71,87.56,0.0,0.0,0.0,,0.0,,0.0,0.0,0.04,0.0,0.04,0.86,28.6,0.25,C
Sommer,P,Inter,0.0,0.0,0.0,0.0,0.0,0.0,1.0,0.87,90.0,0.0,0.03,0.0,,0.0,,0.0,0.0,0.0,0.0,0.0,0.51,17.0,0.97,S
Sportiello,P,Atalanta,0.0,0.0,0.0,0.0,0.0,0.0,0.5,0.03,63.0,0.0,0.0,0.0,,0.0,,0.0,0.0,0.0,0.0,0.0,1.12,37.4,0.02,C
Stankovic,P,,0.0,0.0,0.0,0.0,0.0,0.0,1.0,0.42,85.44,0.0,0.0,0.0,,0.0,,0.0,0.0,0.07,0.0,0.07,0.96,32.0,0.1,C
Suzuki,P,Parma,0.0,0.0,0.0,0.0,0.0,0.0,1.0,0.97,89.57,0.0,0.0,0.0,,0.0,,0.0,0.0,0.08,0.03,0.05,0.96,32.0,0.1,C
Svilar,P,Roma,0.0,0.0,0.0,0.0,0.0,0.0,1.0,1.0,90.0,0.0,0.05,0.0,,0.0,,0.0,0.0,0.03,0.0,0.03,0.59,19.7,0.89,A
Terracciano,P,Cremonese,0.0,0.0,0.0,0.0,0.0,0.0,1.0,0.08,90.0,0.0,0.0,0.0,,0.0,,0.0,0.0,0.0,0.0,0.0,0.69,23.1,0.66,B
Turati,P,Sassuolo,0.0,0.0,0.0,0.0,0.0,0.0,1.0,0.79,89.2,0.0,0.0,0.0,,0.0,,0.0,0.0,0.03,0.0,0.03,0.76,25.2,0.42,C
Vásquez,P,,0.0,0.0,0.0,0.0,0.0,0.0,1.0,0.84,90.0,0.0,0.0,0.0,,0.0,,0.0,0.0,0.06,0.0,0.06,0.73,24.5,0.52,B
de Gea,P,,0.0,0.03,0.03,0.0,0.01,0.01,1.0,0.92,90.0,0.0,0.0,0.0,,0.0,,0.0,0.6,0.03,0.0,0.03,0.45,15.0,1.0,S
Abankwah,D,,0.0,0.0,0.0,0.1,0.0,0.1,0.0,0.0,14.67,3.07,4.09,1.02,0.0,0.0,,-0.1,0.0,1.02,0.0,1.02,1.48,49.2,0.08,C
Abdulhamid,D,Roma,0.0,0.44,0.44,0.0,0.09,0.09,0.5,0.05,51.25,2.63,3.95,11.41,,0.0,,0.0,0.8,0.0,0.0,0.0,0.57,19.0,0.59,B
Acerbi,D,Inter,0.0,0.05,0.05,0.02,0.03,0.05,0.87,0.53,74.35,1.0,3.26,1.16,0.0,0.0,,-0.4,0.4,0.0,0.0,0.0,0.4,13.5,0.76,A
Ahanor,D,Atalanta,0.0,0.0,0.0,0.17,0.03,0.2,0.5,0.08,45.0,1.0,1.0,2.33,0.0,0.0,,-0.5,-0.1,0.0,0.0,0.0,1.07,35.7,0.24,C
Altare,D,,0.0,0.0,0.0,0.02,0.01,0.04,0.67,0.21,62.75,0.48,2.39,0.6,0.0,0.0,,-0.2,-0.1,0.24,0.0,0.24,1.07,35.7,0.24,C
Angeliño,D,,0.06,0.03,0.08,0.04,0.1,0.14,0.95,0.95,83.61,1.87,4.87,4.87,1.43,0.06,,0.6,-2.7,0.03,0.0,0.03,0.07,2.4,0.99,S
Augello,D,,0.0,0.23,0.23,0.01,0.15,0.16,0.79,0.79,71.39,1.92,3.91,3.75,0.0,0.0,,-0.3,2.4,0.1,0.0,0.1,0.21,7.1,0.94,S
Augusto,D,,0.16,0.11,0.27,0.15,0.09,0.23,0.52,0.39,58.31,1.65,4.26,4.42,1.07,0.16,,0.2,0.4,0.05,0.0,0.05,0.21,7.1,0.94,S
Aurel Bisseck,D,,0.16,0.11,0.27,0.14,0.05,0.19,0.63,0.45,60.85,1.75,5.09,2.41,1.15,0.16,,0.4,1.1,0.22,0.0,0.22,0.29,9.5,0.88,A
Azzi,D,Cremonese,0.0,0.0,0.0,0.11,0.19,0.3,0.83,0.13,71.0,3.17,2.75,5.49,0.0,0.0,,-0.5,-0.9,0.42,0.0,0.42,0.86,28.6,0.39,C
Balogh,D,Parma,0.0,0.04,0.04,0.02,0.0,0.02,0.79,0.61,70.79,0.31,1.62,0.04,0.0,0.0,,-0.4,0.9,0.22,0.0,0.22,0.95,31.7,0.29,C
Bani,D,,0.0,0.0,0.0,0.07,0.01,0.08,0.95,0.5,75.35,0.36,1.49,0.18,0.0,0.0,,-1.2,-0.2,0.18,0.0,0.18,0.83,27.8,0.42,C
Barba,D,,0.0,0.0,0.0,0.04,0.0,0.04,0.71,0.13,61.57,1.04,5.22,1.04,0.0,0.0,,-0.2,0.0,0.0,0.0,0.0,0.88,29.4,0.36,C
Bartesaghi,D,Milan,0.0,0.0,0.0,0.0,0.08,0.08,0.25,0.03,29.5,1.53,1.53,12.97,,0.0,,0.0,-0.1,0.76,0.76,0.0,1.71,57.1,0.04,C
Baschirotto,D,Cremonese,0.05,0.0,0.05,0.03,0.01,0.04,1.0,1.0,90.0,0.34,1.87,0.13,1.67,0.05,,0.8,-0.2,0.08,0.0,0.08,0.69,23.0,0.51,B
Bastoni,D,Inter,0.04,0.19,0.22,0.03,0.09,0.12,0.94,0.82,72.76,2.32,6.07,3.11,1.25,0.04,,0.2,2.7,0.26,0.04,0.22,0.33,11.1,0.84,A
Bellanova,D,Atalanta,0.0,0.33,0.33,0.04,0.17,0.21,0.8,0.74,71.11,3.15,3.15,7.09,0.0,0.0,,-1.1,4.2,0.11,0.0,0.11,0.17,5.6,0.97,S
Beukema,D,Napoli,0.0,0.03,0.03,0.04,0.03,0.07,0.94,0.87,86.06,0.81,4.57,0.27,0.0,0.0,,-1.5,0.1,0.03,0.0,0.03,0.43,14.3,0.73,B
Bijol,D,,0.03,0.0,0.03,0.06,0.02,0.08,1.0,0.89,87.15,0.67,2.98,0.3,0.5,0.03,,-1.0,-0.6,0.43,0.03,0.39,0.93,31.0,0.31,C
Biraghi,D,Torino,0.06,0.0,0.06,0.04,0.17,0.21,0.78,0.47,69.17,1.53,2.88,3.73,1.43,0.06,,0.3,-3.0,0.06,0.0,0.06,0.24,7.9,0.92,S
Birindelli,D,,0.18,0.0,0.18,0.13,0.09,0.21,0.86,0.47,69.9,2.45,2.15,6.13,1.43,0.18,,0.9,-1.4,0.12,0.0,0.12,0.26,8.7,0.9,S
Bjarkason,D,,0.0,0.0,0.0,0.0,0.05,0.05,0.11,0.03,18.33,3.27,5.45,7.09,,0.0,,0.0,-0.1,1.09,0.0,1.09,1.5,50.0,0.07,C
Bonifazi,D,,0.0,0.0,0.0,0.0,0.0,0.0,0.0,0.0,21.67,0.0,1.38,1.38,,0.0,,0.0,0.0,0.0,0.0,0.0,1.74,57.9,0.03,C
Bradarić,D,,0.05,0.0,0.05,0.04,0.1,0.14,0.86,0.63,69.04,1.4,2.14,3.86,1.25,0.05,,0.2,-2.2,0.28,0.0,0.28,0.5,16.7,0.65,B
Bremer,D,Juventus,0.0,0.0,0.0,0.02,0.0,0.02,1.0,0.16,90.0,0.33,3.5,0.0,0.0,0.0,,-0.1,0.0,0.33,0.0,0.33,1.19,39.7,0.19,C
Brorsson,D,,0.0,0.0,0.0,0.0,0.0,0.0,0.5,0.08,60.33,0.25,2.24,0.25,,0.0,,0.0,0.0,0.0,0.0,0.0,1.4,46.8,0.11,C
Buchanan,D,,0.0,0.0,0.0,0.0,0.09,0.09,0.0,0.0,15.83,5.68,1.89,7.58,,0.0,,0.0,-0.1,0.0,0.0,0.0,1.17,38.9,0.2,C
Buongiorno,D,Napoli,0.05,0.0,0.05,0.04,0.03,0.07,1.0,0.58,87.45,1.26,3.84,0.37,1.25,0.05,,0.2,-0.6,0.09,0.0,0.09,0.31,10.3,0.86,A
Calabria,D,,0.0,0.09,0.09,0.04,0.14,0.18,0.61,0.29,52.67,1.42,6.08,4.84,0.0,0.0,,-0.4,-0.5,0.28,0.0,0.28,0.57,19.0,0.59,B
Caldirola,D,,0.0,0.0,0.0,0.03,0.01,0.04,0.71,0.26,62.57,0.51,2.26,0.41,0.0,0.0,,-0.3,-0.1,0.51,0.0,0.51,1.43,47.6,0.1,C
Cambiaso,D,Juventus,0.08,0.12,0.2,0.03,0.11,0.13,0.76,0.66,67.3,3.16,4.5,4.94,2.86,0.08,,1.3,0.4,0.16,0.0,0.16,0.19,6.3,0.96,S
Candela,D,,0.0,0.09,0.09,0.03,0.07,0.1,0.86,0.32,72.0,1.07,2.41,2.23,0.0,0.0,,-0.3,0.2,0.18,0.0,0.18,0.38,12.7,0.78,A
Candé,D,,0.06,0.06,0.12,0.06,0.04,0.1,1.0,0.45,90.0,0.29,2.76,0.18,0.91,0.06,,-0.1,0.4,0.24,0.0,0.24,0.48,15.9,0.67,B
Carboni,D,Genoa,0.0,0.04,0.04,0.01,0.01,0.02,0.96,0.66,84.27,0.37,2.09,1.31,0.0,0.0,,-0.3,0.7,0.21,0.0,0.21,0.86,28.6,0.39,C
Carboni,D,Genoa,0.0,0.0,0.0,0.0,0.04,0.04,0.38,0.08,28.25,0.8,2.39,4.38,,0.0,,0.0,-0.1,0.8,0.0,0.8,1.55,51.6,0.07,C
Casale,D,Bologna,0.0,0.09,0.09,0.04,0.04,0.09,0.65,0.29,60.88,0.26,3.04,0.17,0.0,0.0,,-0.5,0.5,0.09,0.0,0.09,0.74,24.6,0.48,C
Circati,D,Parma,0.0,0.0,0.0,0.05,0.0,0.05,1.0,0.16,90.0,0.17,1.67,0.0,0.0,0.0,,-0.3,0.0,0.17,0.0,0.17,0.95,31.7,0.29,C
Coco,D,Torino,0.06,0.0,0.06,0.04,0.0,0.04,1.0,0.84,88.91,0.54,2.21,0.09,1.67,0.06,,0.8,0.0,0.32,0.0,0.32,0.95,31.7,0.29,C
Comuzzo,D,Fiorentina,0.04,0.0,0.04,0.02,0.02,0.05,0.73,0.63,66.67,0.57,3.07,0.49,2.0,0.04,,0.5,-0.6,0.2,0.0,0.2,0.71,23.8,0.5,C
Coppola,D,Pisa,0.06,0.0,0.06,0.02,0.0,0.02,0.97,0.87,86.09,0.12,1.48,0.09,2.86,0.06,,1.3,-0.1,0.31,0.0,0.31,1.07,35.7,0.24,C
Coulibaly,D,Lecce,0.0,0.08,0.08,0.01,0.07,0.08,0.86,0.32,77.43,2.99,3.4,1.91,0.0,0.0,,-0.1,0.1,0.17,0.08,0.08,0.52,17.5,0.63,B
Cuadrado,D,Pisa,0.0,0.22,0.22,0.1,0.22,0.31,0.3,0.18,36.17,4.44,6.92,9.74,0.0,0.0,,-0.9,0.0,0.32,0.0,0.32,0.81,27.0,0.43,C
D'Ambrosio,D,,0.0,0.08,0.08,0.04,0.03,0.07,0.6,0.32,54.75,0.82,2.79,1.32,0.0,0.0,,-0.5,0.6,0.25,0.08,0.16,0.9,30.2,0.33,C
Dahl,D,,0.0,0.0,0.0,0.0,0.0,0.0,0.0,0.0,21.5,2.09,4.19,8.37,,0.0,,0.0,0.0,0.0,0.0,0.0,1.29,42.9,0.16,C
Daniliuc,D,,0.0,0.0,0.0,0.01,0.01,0.02,0.5,0.24,55.78,0.72,3.41,0.72,0.0,0.0,,-0.1,-0.1,0.0,0.0,0.0,0.88,29.4,0.36,C
Danilo,D,,0.0,0.15,0.15,0.02,0.06,0.08,0.5,0.16,48.42,2.48,6.97,1.08,0.0,0.0,,-0.1,0.6,0.31,0.0,0.31,0.9,30.2,0.33,C
Darmian,D,Inter,0.15,0.1,0.25,0.1,0.08,0.17,0.69,0.53,61.41,0.71,2.27,5.15,1.58,0.15,,1.1,0.5,0.15,0.0,0.15,0.36,11.9,0.81,A
David Cabal,D,,0.0,0.0,0.0,0.02,0.0,0.02,0.86,0.16,65.71,2.74,3.33,3.72,0.0,0.0,,-0.1,0.0,0.0,0.0,0.0,0.67,22.2,0.53,B
Dawidowicz,D,,0.0,0.0,0.0,0.01,0.0,0.01,0.92,0.63,70.96,0.49,1.9,0.15,0.0,0.0,,-0.3,0.0,0.39,0.05,0.34,1.48,49.2,0.08,C
De Sciglio,D,,0.12,0.0,0.12,0.07,0.02,0.09,0.44,0.18,48.06,0.47,2.11,0.82,1.67,0.12,,0.4,-0.2,0.0,0.0,0.0,0.79,26.2,0.45,C
De Silvestri,D,Bologna,0.08,0.0,0.08,0.07,0.03,0.09,0.72,0.34,58.89,0.34,3.91,2.55,1.25,0.08,,0.2,-0.3,0.08,0.0,0.08,0.5,16.7,0.65,B
De Winter,D,Milan,0.13,0.0,0.13,0.09,0.01,0.1,0.92,0.61,85.4,0.42,2.36,0.42,1.43,0.13,,0.9,-0.2,0.25,0.0,0.25,0.55,18.3,0.61,B
Del Prato,D,,0.12,0.0,0.12,0.06,0.04,0.1,0.94,0.84,86.68,0.24,2.47,0.95,2.0,0.12,,2.0,-1.2,0.24,0.0,0.24,0.57,19.0,0.59,B
Dembélé,D,,0.23,0.0,0.23,0.09,0.02,0.12,0.27,0.11,25.87,1.86,2.78,1.86,2.5,0.23,,0.6,-0.1,1.16,0.23,0.93,1.33,44.4,0.14,C
Di Lorenzo,D,Napoli,0.08,0.05,0.14,0.08,0.11,0.18,1.0,0.97,90.0,1.35,6.05,4.41,1.07,0.08,,0.2,-1.9,0.16,0.0,0.16,0.07,2.4,0.99,S
Dimarco,D,Inter,0.17,0.29,0.45,0.14,0.25,0.39,0.88,0.76,65.97,1.94,3.43,9.59,1.21,0.17,,0.7,0.9,0.12,0.0,0.12,0.07,2.4,0.99,S
Djimsiti,D,Atalanta,0.03,0.07,0.1,0.09,0.04,0.14,0.94,0.84,77.65,1.09,3.72,1.43,0.37,0.03,,-1.7,0.7,0.2,0.0,0.2,0.24,7.9,0.92,S
Dodô,D,,0.0,0.14,0.14,0.04,0.12,0.16,1.0,0.92,89.0,4.13,3.7,5.58,0.0,0.0,,-1.4,0.8,0.23,0.0,0.23,0.31,10.3,0.86,A
Dorgu,D,,0.15,0.05,0.2,0.16,0.07,0.23,1.0,0.55,87.62,3.33,2.64,5.72,0.91,0.15,,-0.3,-0.5,0.15,0.05,0.1,0.36,11.9,0.81,A
Dossena,D,Como,0.0,0.1,0.1,0.04,0.03,0.07,0.87,0.53,79.35,0.2,1.78,0.05,0.0,0.0,,-0.8,1.3,0.1,0.05,0.05,0.93,31.0,0.31,C
Dumfries,D,Inter,0.32,0.09,0.41,0.25,0.15,0.4,0.69,0.53,67.41,2.53,2.35,7.96,1.3,0.32,,1.6,-1.2,0.18,0.0,0.18,0.36,11.9,0.81,A
Ebosse,D,Verona,0.0,0.0,0.0,0.0,0.0,0.0,0.0,0.0,45.0,0.0,5.0,0.0,,0.0,,0.0,0.0,1.0,0.0,1.0,1.93,64.3,0.02,C
Ebuehi,D,,0.0,0.0,0.0,0.0,0.0,0.0,0.0,0.0,18.5,3.65,4.86,3.65,,0.0,,0.0,0.0,0.0,0.0,0.0,1.29,42.9,0.16,C
Ehizibue,D,Udinese,0.0,0.04,0.04,0.04,0.08,0.12,0.91,0.79,75.7,1.95,1.98,4.18,0.0,0.0,,-1.2,-1.2,0.18,0.0,0.18,0.43,14.3,0.73,B
El Shaarawy,D,Roma,0.25,0.33,0.57,0.22,0.1,0.32,0.39,0.32,35.42,3.44,4.02,6.31,1.11,0.25,,0.3,2.8,0.16,0.0,0.16,0.36,11.9,0.81,A
Ellertsson,D,Genoa,0.07,0.07,0.15,0.04,0.06,0.1,0.81,0.76,68.61,1.2,1.31,3.35,1.82,0.07,,0.9,0.4,0.07,0.0,0.07,0.21,7.1,0.94,S
Emerson,D,,0.0,0.0,0.0,0.03,0.05,0.07,0.94,0.42,81.0,1.5,4.44,4.64,0.0,0.0,,-0.4,-0.7,0.33,0.0,0.33,0.69,23.0,0.51,B
Erlic,D,Bologna,0.0,0.0,0.0,0.05,0.0,0.05,0.62,0.13,41.75,1.08,2.96,0.27,0.0,0.0,,-0.2,0.0,0.0,0.0,0.0,0.93,31.0,0.31,C
Faraoni,D,,0.0,0.0,0.0,0.07,0.03,0.1,0.38,0.08,32.5,0.69,1.04,4.5,0.0,0.0,,-0.2,-0.1,0.35,0.0,0.35,1.4,46.8,0.11,C
Frese,D,Verona,0.0,0.0,0.0,0.02,0.03,0.05,0.45,0.13,49.91,1.15,3.11,1.97,0.0,0.0,,-0.1,-0.2,0.0,0.0,0.0,0.88,29.4,0.36,C
Gabbia,D,Milan,0.08,0.0,0.08,0.05,0.01,0.05,0.92,0.63,82.77,0.54,3.09,0.08,1.82,0.08,,0.9,-0.2,0.17,0.0,0.17,0.36,11.9,0.81,A
Gabriel,D,,0.0,0.0,0.0,0.0,0.0,0.0,0.0,0.0,48.0,0.0,0.94,0.0,,0.0,,0.0,0.0,0.0,0.0,0.0,1.71,57.1,0.04,C
Gallo,D,Lecce,0.0,0.07,0.07,0.01,0.09,0.1,1.0,0.82,84.16,1.97,3.69,3.79,0.0,0.0,,-0.3,-0.7,0.14,0.03,0.1,0.4,13.5,0.76,A
Gatti,D,Juventus,0.04,0.0,0.04,0.1,0.02,0.12,0.87,0.68,73.17,0.98,2.99,0.25,0.4,0.04,,-1.5,-0.5,0.08,0.0,0.08,0.45,15.1,0.7,B
Gendrey,D,,0.0,0.0,0.0,0.1,0.05,0.15,1.0,0.05,90.0,3.5,2.5,2.0,0.0,0.0,,-0.2,-0.1,0.0,0.0,0.0,0.5,16.7,0.65,B
Ghilardi,D,Roma,0.0,0.0,0.0,0.03,0.01,0.04,0.88,0.55,84.54,0.71,2.53,0.31,0.0,0.0,,-0.6,-0.2,0.35,0.04,0.31,1.17,38.9,0.2,C
Gianetti,D,,0.1,0.0,0.1,0.01,0.01,0.02,0.73,0.29,58.53,0.0,1.95,0.31,10.0,0.1,,0.9,-0.1,0.41,0.0,0.41,1.21,40.5,0.18,C
Gigot,D,Lazio,0.26,0.0,0.26,0.17,0.0,0.17,0.47,0.18,45.53,0.92,1.58,0.66,1.54,0.26,,0.7,0.0,0.26,0.0,0.26,0.93,31.0,0.31,C
Gila,D,Lazio,0.03,0.0,0.03,0.04,0.02,0.06,0.97,0.82,85.66,1.58,5.16,0.39,0.91,0.03,,-0.1,-0.6,0.26,0.0,0.26,0.48,15.9,0.67,B
Goglichidze,D,Udinese,0.0,0.04,0.04,0.01,0.01,0.02,0.88,0.76,76.94,0.43,1.6,0.32,0.0,0.0,,-0.3,0.7,0.14,0.04,0.11,0.86,28.6,0.39,C
Goldaniga,D,Como,0.04,0.0,0.04,0.09,0.01,0.1,0.88,0.74,79.12,0.71,2.88,0.28,0.4,0.04,,-1.5,-0.3,0.46,0.04,0.43,0.88,29.4,0.36,C
Gosens,D,Fiorentina,0.18,0.18,0.36,0.06,0.09,0.15,0.91,0.76,78.78,1.11,3.64,3.25,2.78,0.18,,3.2,2.6,0.21,0.0,0.21,0.14,4.8,0.97,S
Guilbert,D,,0.0,0.04,0.04,0.01,0.07,0.08,1.0,0.82,78.55,1.77,3.25,1.66,0.0,0.0,,-0.3,-0.8,0.18,0.07,0.11,0.62,20.6,0.57,B
Gyasi,D,,0.06,0.03,0.08,0.11,0.02,0.13,1.0,0.97,86.95,0.62,1.48,3.02,0.51,0.06,,-1.9,0.3,0.14,0.0,0.14,0.4,13.5,0.76,A
Hainaut,D,Parma,0.15,0.0,0.15,0.06,0.07,0.13,0.4,0.26,48.24,1.64,2.54,2.76,2.5,0.15,,1.2,-1.0,0.3,0.0,0.3,0.83,27.8,0.42,C
Haps,D,,0.07,0.07,0.13,0.08,0.05,0.12,0.56,0.37,54.76,1.71,3.42,3.09,0.83,0.07,,-0.2,0.3,0.2,0.0,0.2,0.31,10.3,0.86,A
Hermoso,D,Roma,0.0,0.0,0.0,0.04,0.0,0.04,0.25,0.05,31.38,1.08,5.02,1.79,0.0,0.0,,-0.1,0.0,1.08,0.36,0.72,1.74,57.9,0.03,C
Hernández,D,,0.13,0.1,0.23,0.09,0.16,0.25,0.91,0.79,81.7,3.1,4.41,4.94,1.48,0.13,0.0,1.3,-1.7,0.17,0.03,0.13,0.29,9.5,0.88,A
Hien,D,Atalanta,0.0,0.0,0.0,0.04,0.0,0.04,0.9,0.71,77.57,0.27,1.97,0.12,0.0,0.0,,-1.0,-0.1,0.39,0.0,0.39,1.19,39.7,0.19,C
Holm,D,Bologna,0.08,0.08,0.16,0.05,0.06,0.1,0.57,0.32,54.14,2.3,3.88,3.4,1.67,0.08,,0.4,0.3,0.24,0.0,0.24,0.36,11.9,0.81,A
Hummels,D,,0.0,0.0,0.0,0.05,0.01,0.06,0.79,0.29,65.36,0.39,2.56,0.1,0.0,0.0,,-0.5,-0.1,0.1,0.0,0.1,0.81,27.0,0.43,C
Hysaj,D,Lazio,0.0,0.64,0.64,0.04,0.34,0.38,0.36,0.11,38.55,0.85,2.97,3.82,0.0,0.0,,-0.2,1.4,0.64,0.21,0.42,1.26,42.1,0.17,C
Idzes,D,Sassuolo,0.03,0.0,0.03,0.05,0.02,0.07,1.0,0.92,89.34,0.43,2.42,0.43,0.56,0.03,,-0.8,-0.7,0.14,0.0,0.14,0.52,17.5,0.63,B
Iovine,D,,0.0,0.0,0.0,0.0,0.05,0.05,0.3,0.08,38.7,2.09,1.4,1.86,,0.0,,0.0,-0.2,0.47,0.0,0.47,1.43,47.6,0.1,C
Ismajli,D,Torino,0.0,0.0,0.0,0.01,0.0,0.01,1.0,0.76,86.48,0.11,1.36,0.04,0.0,0.0,,-0.3,0.0,0.11,0.0,0.11,1.14,38.1,0.21,C
Izzo,D,,0.04,0.04,0.07,0.01,0.03,0.04,0.93,0.74,81.17,0.44,2.66,0.44,2.5,0.04,,0.6,0.2,0.44,0.0,0.44,0.83,27.8,0.42,C
Jack,D,Como,0.0,0.0,0.0,0.0,0.05,0.05,0.14,0.03,24.43,1.05,4.21,0.53,,0.0,,0.0,-0.1,1.05,0.0,1.05,1.6,53.2,0.05,C
Jean,D,Lecce,0.0,0.0,0.0,0.01,0.01,0.01,0.84,0.42,73.05,0.52,2.72,0.19,0.0,0.0,,-0.1,-0.1,0.0,0.0,0.0,0.86,28.6,0.39,C
Jesus,D,,0.0,0.08,0.08,0.03,0.0,0.03,0.8,0.32,71.6,0.25,4.19,0.17,0.0,0.0,,-0.3,1.0,0.17,0.0,0.17,0.74,24.6,0.48,C
Jiménez,D,,0.0,0.07,0.07,0.06,0.09,0.15,0.64,0.37,57.55,3.91,2.63,5.12,0.0,0.0,,-0.8,-0.3,0.43,0.0,0.43,0.76,25.4,0.47,C
Kabasele,D,Udinese,0.16,0.0,0.16,0.12,0.03,0.15,0.75,0.32,72.56,0.7,3.41,0.54,1.33,0.16,,0.5,-0.4,0.0,0.0,0.0,0.38,12.7,0.78,A
Kalulu,D,Juventus,0.04,0.0,0.04,0.03,0.02,0.05,0.86,0.66,80.59,1.85,4.51,0.92,1.43,0.04,,0.3,-0.5,0.12,0.04,0.08,0.45,15.1,0.7,B
Kamara,D,Udinese,0.04,0.18,0.22,0.04,0.12,0.16,0.83,0.66,66.7,2.34,2.74,4.63,1.11,0.04,,0.1,1.3,0.4,0.04,0.36,0.57,19.0,0.59,B
Kayode,D,,0.0,0.0,0.0,0.07,0.14,0.21,0.2,0.03,25.4,2.13,5.67,4.25,0.0,0.0,,-0.1,-0.2,0.0,0.0,0.0,0.9,30.2,0.33,C
Kelly,D,Juventus,0.0,0.0,0.0,0.04,0.01,0.04,0.92,0.29,84.42,0.89,3.2,2.31,0.0,0.0,,-0.4,-0.1,0.09,0.0,0.09,0.62,20.6,0.57,B
Kempf,D,Como,0.0,0.0,0.0,0.06,0.04,0.1,0.97,0.79,84.35,0.59,2.93,0.14,0.0,0.0,,-1.6,-1.2,0.24,0.03,0.21,0.86,28.6,0.39,C
Kialonda,D,,0.0,0.04,0.04,0.05,0.02,0.06,1.0,0.63,89.33,0.17,1.43,0.21,0.0,0.0,,-1.1,0.6,0.13,0.0,0.13,0.79,26.2,0.45,C
Kolašinac,D,,0.0,0.09,0.09,0.04,0.09,0.12,1.0,0.61,82.74,2.46,6.72,2.22,0.0,0.0,,-0.8,0.2,0.33,0.0,0.33,0.48,15.9,0.67,B
Kossounou,D,Atalanta,0.0,0.0,0.0,0.04,0.0,0.04,0.67,0.32,62.5,1.04,3.68,1.12,0.0,0.0,,-0.5,0.0,0.08,0.0,0.08,0.83,27.8,0.42,C
Kristensen,D,Udinese,0.05,0.0,0.05,0.05,0.02,0.06,0.79,0.5,73.08,0.97,3.9,0.97,1.11,0.05,,0.1,-0.3,0.26,0.0,0.26,0.48,15.9,0.67,B
Kyriakopoulos,D,,0.06,0.13,0.19,0.03,0.1,0.13,0.97,0.87,83.68,2.12,3.07,4.18,2.22,0.06,,1.1,0.7,0.16,0.0,0.16,0.05,1.6,1.0,S
Lazaro,D,Torino,0.0,0.23,0.23,0.04,0.13,0.17,0.79,0.68,69.91,1.37,2.96,5.11,0.0,0.0,,-1.0,2.7,0.23,0.0,0.23,0.43,14.3,0.73,B
Lazović,D,,0.12,0.19,0.31,0.15,0.21,0.36,0.63,0.45,54.04,1.36,2.47,5.43,0.4,0.06,1.0,-0.5,-0.4,0.0,0.0,0.0,0.33,11.1,0.84,A
Lazzari,D,Lazio,0.0,0.06,0.06,0.01,0.08,0.09,0.64,0.42,56.24,4.61,4.22,6.15,0.0,0.0,,-0.1,-0.3,0.19,0.0,0.19,0.45,15.1,0.7,B
Lekovic,D,,0.0,0.0,0.0,0.02,0.0,0.02,0.43,0.08,52.43,0.98,3.68,0.49,0.0,0.0,,-0.1,0.0,0.0,0.0,0.0,0.98,32.5,0.28,C
Leoni,D,Parma,0.08,0.0,0.08,0.01,0.0,0.01,0.82,0.37,70.53,0.0,1.58,0.38,10.0,0.08,,0.9,0.0,0.3,0.08,0.23,1.38,46.0,0.12,C
Lucumí,D,,0.0,0.03,0.03,0.02,0.01,0.03,0.91,0.76,81.69,1.17,3.72,0.24,0.0,0.0,,-0.6,0.6,0.31,0.03,0.28,0.79,26.2,0.45,C
Luis Palomino,D,,0.08,0.0,0.08,0.04,0.0,0.04,0.56,0.26,60.06,0.33,2.91,0.08,2.0,0.08,,0.5,0.0,0.25,0.0,0.25,0.93,31.0,0.31,C
Luperto,D,Cagliari,0.03,0.08,0.11,0.06,0.04,0.1,1.0,0.95,90.0,0.61,2.67,0.31,0.45,0.03,,-1.2,1.7,0.11,0.0,0.11,0.26,8.7,0.9,S
Lykogiannis,D,Bologna,0.0,0.34,0.34,0.02,0.14,0.15,0.71,0.32,61.65,0.86,4.21,3.09,0.0,0.0,,-0.2,2.4,0.26,0.0,0.26,0.64,21.4,0.55,B
Løvik,D,,0.0,0.0,0.0,0.1,0.1,0.2,0.0,0.0,15.33,0.0,0.98,5.87,0.0,0.0,,-0.1,-0.1,0.0,0.0,0.0,1.33,44.4,0.14,C
Magnani,D,,0.08,0.0,0.08,0.09,0.0,0.09,0.65,0.29,62.65,0.34,2.62,0.59,0.91,0.08,,-0.1,0.0,0.17,0.0,0.17,0.67,22.2,0.53,B
Mancini,D,Roma,0.06,0.0,0.06,0.05,0.03,0.07,0.97,0.95,84.95,1.29,3.98,0.66,1.18,0.06,,0.3,-0.9,0.23,0.0,0.23,0.43,14.3,0.73,B
Marcandalli,D,Genoa,0.0,0.0,0.0,0.07,0.0,0.07,0.6,0.16,40.0,0.45,2.48,0.22,0.0,0.0,,-0.3,0.0,0.45,0.0,0.45,1.36,45.2,0.12,C
Marianucci,D,Napoli,0.0,0.0,0.0,0.05,0.02,0.07,0.67,0.32,59.39,1.01,2.36,0.25,0.0,0.0,,-0.6,-0.2,0.08,0.08,0.0,1.02,34.1,0.26,C
Maripán,D,,0.04,0.04,0.08,0.03,0.04,0.07,0.96,0.71,83.57,0.54,3.69,0.35,1.11,0.04,,0.1,0.0,0.19,0.04,0.15,0.4,13.5,0.76,A
Martín,D,,0.0,0.23,0.23,0.03,0.16,0.19,0.97,0.92,85.69,1.46,2.63,3.15,0.0,0.0,,-0.9,2.5,0.15,0.0,0.15,0.29,9.5,0.88,A
Martínez Quarta,D,,0.26,0.0,0.26,0.18,0.0,0.18,0.5,0.11,43.88,0.77,3.59,0.51,1.43,0.26,,0.3,0.0,0.26,0.0,0.26,0.86,28.6,0.39,C
Marušić,D,,0.15,0.0,0.15,0.08,0.02,0.1,0.74,0.68,66.77,0.89,3.23,4.16,2.0,0.15,,2.0,-0.6,0.04,0.0,0.04,0.36,11.9,0.81,A
Marí,D,,0.0,0.0,0.0,0.01,0.0,0.01,0.97,0.82,85.19,0.23,2.81,0.03,0.0,0.0,,-0.3,-0.1,0.23,0.03,0.2,1.26,42.1,0.17,C
Marín,D,,0.0,0.0,0.0,0.13,0.0,0.13,0.25,0.03,35.5,1.27,3.17,0.0,0.0,0.0,,-0.2,0.0,0.63,0.0,0.63,1.48,49.2,0.08,C
Masina,D,Torino,0.05,0.09,0.14,0.03,0.01,0.05,0.71,0.53,68.54,0.7,3.42,0.47,1.43,0.05,,0.3,1.7,0.23,0.0,0.23,0.45,15.1,0.7,B
Matturro,D,,0.0,0.0,0.0,0.02,0.02,0.04,0.69,0.24,69.23,1.2,1.5,0.9,0.0,0.0,,-0.2,-0.2,0.2,0.0,0.2,1.0,33.3,0.27,C
Mazzocchi,D,Napoli,0.0,0.0,0.0,0.04,0.05,0.09,0.35,0.18,35.1,2.56,2.95,5.51,0.0,0.0,,-0.3,-0.4,0.38,0.0,0.38,1.07,35.7,0.24,C
Mina,D,Cagliari,0.04,0.0,0.04,0.08,0.01,0.09,1.0,0.82,82.87,0.6,2.66,0.32,0.43,0.04,,-1.3,-0.3,0.25,0.04,0.21,0.74,24.6,0.48,C
Miranda,D,Bologna,0.0,0.24,0.24,0.03,0.24,0.27,0.81,0.66,73.45,1.34,6.44,3.48,0.0,0.0,,-0.7,-0.1,0.2,0.04,0.16,0.36,11.9,0.81,A
Modesto,D,,0.0,0.15,0.15,0.07,0.12,0.19,0.2,0.11,30.4,2.37,3.26,6.37,0.0,0.0,,-0.5,0.2,0.15,0.0,0.15,0.71,23.8,0.5,C
Moreno,D,,0.0,0.0,0.0,0.02,0.06,0.08,0.88,0.55,71.96,1.2,4.22,3.02,0.0,0.0,,-0.4,-1.2,0.21,0.0,0.21,0.57,19.0,0.59,B
Moreno,D,,0.0,0.0,0.0,0.0,0.0,0.0,0.5,0.05,36.0,0.62,3.75,0.62,,0.0,,0.0,0.0,0.0,0.0,0.0,1.17,38.9,0.2,C
N'Dicka,D,Roma,0.0,0.03,0.03,0.03,0.02,0.04,1.0,1.0,90.0,0.76,2.82,0.13,0.0,0.0,,-1.0,0.3,0.05,0.0,0.05,0.6,19.8,0.58,B
Nelsson,D,Verona,0.0,0.0,0.0,0.0,0.0,0.0,0.25,0.03,46.75,0.0,1.93,0.0,,0.0,,0.0,0.0,0.0,0.0,0.0,1.64,54.8,0.05,C
Nielsen,D,,0.0,0.0,0.0,0.0,0.0,0.0,0.0,0.0,17.5,0.0,0.0,0.0,,0.0,,0.0,0.0,2.57,0.0,2.57,2.21,73.8,0.0,C
Norton-Cuffy,D,Genoa,0.0,0.0,0.0,0.04,0.03,0.06,0.57,0.21,51.36,1.5,2.25,2.63,0.0,0.0,,-0.3,-0.2,0.0,0.0,0.0,0.79,26.2,0.45,C
Obert,D,Cagliari,0.08,0.08,0.17,0.08,0.03,0.11,0.62,0.34,51.29,1.0,4.18,1.59,1.11,0.08,,0.1,0.6,0.33,0.0,0.33,0.64,21.4,0.55,B
Olivera,D,Napoli,0.0,0.08,0.08,0.04,0.06,0.11,0.81,0.68,74.06,1.75,4.78,2.35,0.0,0.0,,-1.1,0.3,0.15,0.0,0.15,0.17,5.6,0.97,S
Osorio,D,,0.0,0.0,0.0,0.0,0.05,0.05,0.67,0.05,57.33,0.52,1.57,0.0,,0.0,,0.0,-0.1,0.0,0.0,0.0,1.14,38.1,0.21,C
Otoa,D,Genoa,0.0,0.0,0.0,0.0,0.0,0.0,1.0,0.08,59.67,0.0,0.0,0.0,,0.0,,0.0,0.0,1.01,0.5,0.5,2.0,66.7,0.01,C
Oyegoke,D,Verona,0.0,0.0,0.0,0.0,0.0,0.0,0.0,0.0,20.6,1.75,1.75,4.37,,0.0,,0.0,0.0,0.87,0.0,0.87,1.86,61.9,0.02,C
Palacios,D,,0.0,0.0,0.0,0.0,0.0,0.0,0.5,0.13,45.7,0.59,4.73,0.39,,0.0,,0.0,0.0,0.39,0.0,0.39,1.45,48.4,0.09,C
Palestra,D,Atalanta,0.0,0.0,0.0,0.0,0.08,0.08,0.22,0.05,24.67,5.27,2.43,5.68,,0.0,,0.0,-0.2,0.0,0.0,0.0,1.07,35.7,0.24,C
Parisi,D,Fiorentina,0.16,0.0,0.16,0.04,0.06,0.1,0.42,0.29,43.23,2.0,3.2,2.8,4.0,0.16,,1.5,-0.8,0.24,0.0,0.24,0.62,20.6,0.57,B
Patric,D,Lazio,0.15,0.0,0.15,0.16,0.0,0.16,0.5,0.13,60.7,0.59,4.45,0.74,0.91,0.15,,-0.1,0.0,0.3,0.0,0.3,0.88,29.4,0.36,C
Pavard,D,Inter,0.0,0.06,0.06,0.03,0.05,0.07,0.78,0.47,68.87,0.74,5.23,1.48,0.0,0.0,,-0.5,0.2,0.23,0.0,0.23,0.52,17.5,0.63,B
Pavlović,D,,0.1,0.05,0.14,0.09,0.05,0.14,0.88,0.55,77.67,1.93,4.54,0.48,1.11,0.1,,0.2,-0.1,0.19,0.05,0.14,0.26,8.7,0.9,S
Pedersen,D,Torino,0.0,0.0,0.0,0.04,0.03,0.07,0.52,0.39,46.97,2.91,1.26,5.09,0.0,0.0,,-0.6,-0.4,0.2,0.0,0.2,1.07,35.7,0.24,C
Pellegrini,D,Roma,0.0,0.34,0.34,0.06,0.15,0.21,0.45,0.26,48.5,1.77,6.07,5.15,0.0,0.0,,-0.7,2.2,0.42,0.0,0.42,0.79,26.2,0.45,C
Pelmard,D,,0.0,0.0,0.0,0.0,0.0,0.0,0.33,0.03,43.0,0.7,0.7,0.0,,0.0,,0.0,0.0,0.7,0.0,0.7,1.93,64.3,0.02,C
Pereira,D,,0.03,0.1,0.14,0.04,0.05,0.09,0.91,0.84,76.14,1.76,2.23,3.61,0.83,0.03,,-0.2,1.4,0.34,0.0,0.34,0.45,15.1,0.7,B
Pezzella,D,,0.0,0.09,0.09,0.02,0.14,0.16,0.97,0.89,82.23,2.41,2.5,4.47,0.0,0.0,,-0.6,-1.6,0.22,0.0,0.22,0.52,17.5,0.63,B
Pongračić,D,,0.0,0.0,0.0,0.01,0.01,0.03,0.7,0.37,68.35,0.46,2.24,0.33,0.0,0.0,,-0.2,-0.2,0.26,0.07,0.2,1.33,44.4,0.14,C
Posch,D,Bologna,0.0,0.0,0.0,0.04,0.06,0.1,0.58,0.29,57.95,1.31,4.82,3.27,0.0,0.0,,-0.5,-0.7,0.08,0.0,0.08,0.55,18.3,0.61,B
Pérez,D,,0.0,0.0,0.0,0.0,0.0,0.0,1.0,0.05,90.0,1.0,2.0,1.0,,0.0,,0.0,0.0,0.0,0.0,0.0,1.02,34.1,0.26,C
Ranieri,D,Fiorentina,0.03,0.09,0.12,0.03,0.05,0.08,0.97,0.92,85.31,0.73,2.34,0.32,0.91,0.03,,-0.1,1.3,0.21,0.0,0.21,0.43,14.3,0.73,B
Rensch,D,Roma,0.0,0.19,0.19,0.06,0.15,0.21,0.36,0.13,33.5,0.38,2.69,4.8,0.0,0.0,,-0.3,0.2,0.0,0.0,0.0,0.83,27.8,0.42,C
Romagnoli,D,Lazio,0.07,0.0,0.07,0.08,0.01,0.09,0.97,0.82,83.5,0.27,3.03,0.13,0.83,0.07,,-0.4,-0.3,0.2,0.07,0.13,0.79,26.2,0.45,C
Rouhi,D,Juventus,0.0,0.0,0.0,0.0,0.0,0.0,0.2,0.03,42.0,0.43,3.86,3.0,,0.0,,0.0,0.0,0.0,0.0,0.0,1.36,45.2,0.12,C
Rrahmani,D,Napoli,0.03,0.08,0.11,0.08,0.03,0.11,1.0,1.0,89.63,0.79,4.97,0.05,0.34,0.03,,-1.9,1.9,0.05,0.0,0.05,0.26,8.7,0.9,S
Ruggeri,D,,0.0,0.15,0.15,0.01,0.1,0.11,0.63,0.5,58.37,3.08,5.86,5.35,0.0,0.0,,-0.2,1.0,0.1,0.0,0.1,0.36,11.9,0.81,A
Sabelli,D,Genoa,0.0,0.09,0.09,0.0,0.08,0.09,0.68,0.61,60.53,1.57,3.85,1.88,0.0,0.0,,-0.1,0.1,0.13,0.0,0.13,0.38,12.7,0.78,A
Saelemaekers,D,Milan,0.43,0.18,0.61,0.15,0.16,0.32,0.78,0.47,64.3,2.8,3.47,9.07,2.8,0.43,,4.5,0.3,0.24,0.0,0.24,0.21,7.1,0.94,S
Sagrado,D,,0.0,0.0,0.0,0.06,0.0,0.06,1.0,0.08,46.67,0.0,1.29,3.21,0.0,0.0,,-0.1,0.0,0.64,0.0,0.64,1.57,52.4,0.06,C
Sala,D,,0.0,0.0,0.0,0.0,0.14,0.14,0.3,0.08,33.3,4.05,5.95,6.76,,0.0,,0.0,-0.5,0.81,0.0,0.81,1.33,44.4,0.14,C
Salah-Eddine,D,Roma,0.0,0.59,0.59,0.18,0.06,0.24,0.67,0.05,50.67,4.74,1.18,8.88,0.0,0.0,,-0.3,0.9,0.0,0.0,0.0,0.62,20.6,0.57,B
Sambia,D,,0.0,0.0,0.0,0.09,0.07,0.16,0.12,0.05,22.76,1.16,4.88,4.65,0.0,0.0,,-0.4,-0.3,0.0,0.0,0.0,0.88,29.4,0.36,C
Savona,D,Juventus,0.1,0.05,0.16,0.03,0.06,0.09,0.68,0.5,61.57,1.83,3.08,2.3,4.0,0.1,,1.5,-0.2,0.26,0.0,0.26,0.36,11.9,0.81,A
Scalvini,D,Atalanta,0.0,0.0,0.0,0.03,0.0,0.03,0.67,0.11,45.33,1.65,6.62,2.32,0.0,0.0,,-0.1,0.0,0.66,0.0,0.66,1.31,43.7,0.15,C
Schingtienne,D,,0.0,0.0,0.0,0.0,0.01,0.01,0.75,0.32,70.12,0.4,2.25,0.32,,0.0,,0.0,-0.1,0.16,0.0,0.16,1.07,35.7,0.24,C
Smolčić,D,,0.0,0.0,0.0,0.06,0.01,0.07,0.78,0.18,70.0,0.43,3.29,1.29,0.0,0.0,,-0.4,-0.1,0.29,0.0,0.29,0.9,30.2,0.33,C
Solet,D,Udinese,0.05,0.11,0.16,0.04,0.06,0.11,1.0,0.5,88.0,1.08,3.5,0.32,1.25,0.05,,0.2,0.8,0.22,0.05,0.16,0.31,10.3,0.86,A
Sosa,D,,0.0,0.0,0.0,0.02,0.05,0.08,0.74,0.37,62.16,0.99,3.89,3.73,0.0,0.0,,-0.3,-0.7,0.0,0.0,0.0,0.69,23.0,0.51,B
Spinazzola,D,Napoli,0.06,0.06,0.12,0.04,0.21,0.25,0.63,0.45,56.19,4.92,5.22,4.81,1.43,0.06,,0.3,-2.5,0.06,0.0,0.06,0.21,7.1,0.94,S
Svoboda,D,,0.07,0.0,0.07,0.01,0.04,0.05,0.94,0.39,82.12,0.89,2.95,0.34,5.0,0.07,,0.8,-0.6,0.07,0.0,0.07,0.48,15.9,0.67,B
Tavares,D,Lazio,0.0,0.43,0.43,0.06,0.26,0.31,0.96,0.58,73.3,5.23,5.93,5.34,0.0,0.0,,-1.1,3.2,0.27,0.05,0.21,0.52,17.5,0.63,B
Tchatchoua,D,Verona,0.06,0.09,0.14,0.05,0.08,0.13,1.0,0.95,87.97,2.5,2.05,4.63,1.25,0.06,,0.4,0.2,0.23,0.03,0.2,0.43,14.3,0.73,B
Terracciano,D,Cremonese,0.0,0.0,0.0,0.03,0.02,0.05,0.46,0.16,41.46,0.83,2.34,1.5,0.0,0.0,,-0.2,-0.1,0.5,0.0,0.5,1.45,48.4,0.09,C
Thiaw,D,Milan,0.0,0.0,0.0,0.03,0.0,0.03,0.86,0.5,82.09,0.6,4.44,0.05,0.0,0.0,,-0.6,-0.1,0.1,0.0,0.1,0.69,23.0,0.51,B
Tolói,D,,0.0,0.0,0.0,0.02,0.04,0.06,0.18,0.05,42.55,0.96,5.0,0.96,0.0,0.0,,-0.1,-0.2,0.19,0.0,0.19,1.02,34.1,0.26,C
Tomori,D,Milan,0.0,0.06,0.06,0.01,0.04,0.05,0.86,0.5,72.41,0.45,3.56,0.17,0.0,0.0,,-0.1,0.3,0.28,0.06,0.23,0.83,27.8,0.42,C
Touré,D,,0.12,0.0,0.12,0.05,0.0,0.05,0.92,0.29,61.08,0.74,3.19,0.37,2.5,0.12,,0.6,0.0,0.49,0.25,0.25,0.98,32.5,0.28,C
Valenti,D,Parma,0.06,0.0,0.06,0.01,0.01,0.02,0.9,0.47,77.8,0.17,1.62,0.17,5.0,0.06,,0.8,-0.2,0.4,0.06,0.35,1.26,42.1,0.17,C
Valentini,D,Verona,0.0,0.0,0.0,0.02,0.06,0.09,0.93,0.34,80.64,0.32,3.35,0.08,0.0,0.0,,-0.3,-0.8,0.48,0.08,0.4,1.21,40.5,0.18,C
Valeri,D,Parma,0.06,0.19,0.25,0.06,0.15,0.2,0.97,0.89,82.09,2.47,2.91,3.41,0.56,0.03,1.0,0.2,1.3,0.03,0.0,0.03,0.1,3.2,0.98,S
Valle,D,Como,0.0,0.0,0.0,0.03,0.06,0.09,0.8,0.32,68.67,1.66,3.84,2.62,0.0,0.0,,-0.3,-0.7,0.17,0.0,0.17,0.48,15.9,0.67,B
Van Der Brempt,D,Como,0.0,0.07,0.07,0.04,0.04,0.07,0.7,0.37,62.85,1.36,3.01,2.43,0.0,0.0,,-0.5,0.5,0.21,0.0,0.21,0.71,23.8,0.5,C
Veiga,D,Lecce,0.0,0.08,0.08,0.08,0.01,0.09,0.92,0.32,84.08,0.74,3.29,0.0,0.0,0.0,,-1.0,0.9,0.16,0.0,0.16,0.48,15.9,0.67,B
Veiga,D,Lecce,0.0,0.0,0.0,0.14,0.07,0.22,0.15,0.05,28.77,2.41,2.41,3.13,0.0,0.0,,-0.6,-0.3,0.0,0.0,0.0,0.98,32.5,0.28,C
Viti,D,Fiorentina,0.03,0.0,0.03,0.03,0.01,0.03,1.0,0.79,85.73,0.59,3.01,0.35,1.25,0.03,,0.2,-0.2,0.1,0.0,0.1,0.52,17.5,0.63,B
Vogliacco,D,Genoa,0.12,0.0,0.12,0.08,0.01,0.09,0.82,0.47,67.59,0.67,2.84,0.12,1.43,0.12,,0.6,-0.1,0.3,0.0,0.3,0.64,21.4,0.55,B
Vojvoda,D,Como,0.05,0.1,0.15,0.03,0.12,0.15,0.71,0.53,65.07,1.68,5.29,3.66,1.67,0.05,,0.4,-0.4,0.3,0.0,0.3,0.45,15.1,0.7,B
Vásquez,D,,0.09,0.0,0.09,0.07,0.01,0.08,0.94,0.89,84.47,1.1,2.84,0.36,1.25,0.09,,0.6,-0.3,0.27,0.0,0.27,0.43,14.3,0.73,B
Walker,D,,0.0,0.0,0.0,0.0,0.12,0.12,0.64,0.18,59.91,1.5,4.37,2.59,,0.0,,0.0,-0.9,0.14,0.0,0.14,0.64,21.4,0.55,B
Walukiewicz,D,Sassuolo,0.0,0.0,0.0,0.02,0.02,0.04,0.71,0.58,59.39,1.32,4.3,1.66,0.0,0.0,,-0.4,-0.4,0.29,0.0,0.29,0.88,29.4,0.36,C
Weah,D,Juventus,0.27,0.11,0.38,0.19,0.09,0.27,0.6,0.47,54.6,2.47,3.08,6.59,1.47,0.27,,1.6,0.4,0.22,0.0,0.22,0.29,9.5,0.88,A
Wieteska,D,Cagliari,0.0,0.0,0.0,0.1,0.1,0.2,0.2,0.03,36.8,0.49,2.45,0.0,0.0,0.0,,-0.2,-0.2,0.49,0.0,0.49,1.57,52.4,0.06,C
Zalewski,D,Atalanta,0.09,0.09,0.19,0.05,0.23,0.28,0.35,0.21,42.09,5.58,3.25,9.39,2.0,0.09,,0.5,-1.5,0.37,0.0,0.37,0.71,23.8,0.5,C
Zampano,D,,0.05,0.11,0.16,0.05,0.04,0.1,0.71,0.45,68.29,2.31,2.25,4.67,1.0,0.05,,0.0,1.2,0.27,0.0,0.27,0.36,11.9,0.81,A
Zappa,D,Cagliari,0.06,0.0,0.06,0.03,0.11,0.13,0.95,0.92,82.7,1.68,4.29,2.41,2.22,0.06,,1.1,-3.6,0.12,0.0,0.12,0.21,7.1,0.94,S
Zappacosta,D,Atalanta,0.17,0.09,0.26,0.1,0.09,0.19,0.87,0.68,68.9,2.92,4.66,6.05,1.82,0.17,,1.8,-0.1,0.13,0.0,0.13,0.02,0.8,1.0,S
Zemura,D,Udinese,0.06,0.13,0.19,0.06,0.06,0.13,0.57,0.34,61.52,1.59,2.67,4.83,1.0,0.06,,0.0,1.0,0.13,0.0,0.13,0.29,9.5,0.88,A
Zerbin,D,Cremonese,0.06,0.06,0.12,0.11,0.12,0.24,0.85,0.45,76.0,3.14,3.2,4.14,0.53,0.06,,-0.9,-1.1,0.24,0.0,0.24,0.26,8.7,0.9,S
Zortea,D,Bologna,0.2,0.07,0.27,0.1,0.08,0.18,0.94,0.87,77.51,2.29,2.09,4.78,1.94,0.2,,2.9,-0.4,0.07,0.0,0.07,0.19,6.3,0.96,S
costa,D,,0.0,0.25,0.25,0.15,0.05,0.2,0.33,0.08,39.67,2.02,2.02,6.3,0.0,0.0,,-0.6,0.8,0.76,0.0,0.76,1.14,38.1,0.21,C
de Vrij,D,,0.16,0.0,0.16,0.06,0.0,0.06,0.69,0.47,66.38,0.57,3.96,0.26,2.73,0.16,,1.9,0.0,0.1,0.0,0.1,0.5,16.7,0.65,B
Çelik,D,,0.0,0.08,0.08,0.02,0.06,0.09,0.87,0.71,72.77,1.12,4.23,3.71,0.0,0.0,,-0.6,0.4,0.2,0.0,0.2,0.38,12.7,0.78,A
Šverko,D,,0.08,0.0,0.08,0.02,0.02,0.05,0.75,0.32,69.81,0.64,3.06,0.08,3.33,0.08,,0.7,-0.3,0.24,0.0,0.24,0.67,22.2,0.53,B
Adli,C,,0.29,0.44,0.73,0.07,0.18,0.25,0.58,0.39,47.46,1.75,7.51,2.19,4.0,0.29,,3.0,3.6,0.29,0.07,0.22,0.43,14.3,0.75,B
Adžić,C,,0.0,0.0,0.0,0.0,0.0,0.0,0.0,0.0,7.0,0.0,2.14,6.43,,0.0,,0.0,0.0,0.0,0.0,0.0,1.73,57.8,0.04,C
Aebischer,C,Pisa,0.0,0.0,0.0,0.05,0.05,0.1,0.64,0.24,51.71,0.99,4.1,2.11,0.0,0.0,,-0.4,-0.4,0.25,0.0,0.25,1.06,35.4,0.31,C
Akpa-Akpro,C,,0.0,0.0,0.0,0.03,0.02,0.05,0.86,0.32,69.0,1.96,1.77,2.05,0.0,0.0,,-0.3,-0.2,0.37,0.0,0.37,1.27,42.2,0.21,C
Amrabat,C,,0.0,0.0,0.0,0.0,0.05,0.05,1.0,0.05,90.0,1.0,7.0,0.5,,0.0,,0.0,-0.1,0.0,0.0,0.0,1.1,36.7,0.29,C
Anjorin,C,Torino,0.16,0.24,0.4,0.07,0.14,0.21,0.64,0.37,50.64,2.26,4.44,2.83,2.22,0.16,,1.1,1.3,0.24,0.0,0.24,0.18,6.1,0.93,S
Asllani,C,Inter,0.18,0.18,0.36,0.23,0.17,0.4,0.45,0.26,44.91,0.64,5.01,1.82,0.0,0.0,1.0,-0.5,0.1,0.36,0.0,0.36,0.78,25.9,0.51,B
Atta,C,Udinese,0.0,0.07,0.07,0.09,0.1,0.19,0.44,0.32,46.33,2.23,4.1,5.54,0.0,0.0,,-1.3,-0.4,0.36,0.0,0.36,0.8,26.5,0.49,C
Bacci,C,,0.0,0.0,0.0,0.0,0.0,0.0,0.0,0.0,10.33,0.0,2.9,0.0,,0.0,,0.0,0.0,0.0,0.0,0.0,1.86,61.9,0.02,C
Badelj,C,,0.06,0.0,0.06,0.06,0.07,0.13,0.91,0.55,64.0,0.49,5.07,0.86,1.0,0.06,,0.0,-1.1,0.12,0.0,0.12,0.69,23.1,0.54,B
Baldanzi,C,Roma,0.11,0.11,0.22,0.15,0.11,0.26,0.16,0.13,26.84,4.22,2.49,6.17,0.71,0.11,,-0.4,0.0,0.22,0.0,0.22,0.55,18.4,0.64,B
Bandeira,C,,0.0,0.0,0.0,0.0,0.02,0.02,0.36,0.11,37.0,0.22,5.53,0.88,,0.0,,0.0,-0.1,0.22,0.0,0.22,1.39,46.3,0.14,C
Barella,C,Inter,0.11,0.22,0.32,0.08,0.16,0.24,0.88,0.76,75.55,2.27,8.48,4.8,1.36,0.11,,0.8,1.5,0.14,0.0,0.14,0.0,0.0,1.0,S
Baselli,C,,0.0,0.0,0.0,0.0,0.0,0.0,0.5,0.03,11.0,8.18,16.36,0.0,,0.0,,0.0,0.0,0.0,0.0,0.0,1.37,45.6,0.16,C
Belahyane,C,Lazio,0.0,0.1,0.1,0.01,0.05,0.06,0.64,0.47,66.29,1.26,4.02,0.68,0.0,0.0,,-0.2,1.0,0.39,0.1,0.29,1.14,38.1,0.28,C
Bennacer,C,,0.0,0.0,0.0,0.03,0.03,0.06,0.67,0.11,50.0,2.4,6.9,3.6,0.0,0.0,,-0.1,-0.1,0.6,0.0,0.6,1.22,40.8,0.24,C
Berisha,C,Lecce,0.0,0.13,0.13,0.09,0.08,0.16,0.41,0.18,42.12,1.63,5.28,2.14,0.0,0.0,,-0.7,0.4,0.63,0.0,0.63,1.0,33.3,0.34,C
Bernabe,C,,0.06,0.06,0.12,0.08,0.07,0.15,0.86,0.47,69.19,2.29,7.12,1.24,0.77,0.06,,-0.3,-0.1,0.06,0.0,0.06,0.41,13.6,0.78,A
Bernede,C,Verona,0.15,0.0,0.15,0.12,0.08,0.2,0.5,0.18,42.43,1.06,4.39,3.33,1.25,0.15,,0.2,-0.5,0.3,0.0,0.3,0.53,17.7,0.66,B
Bianco,C,Fiorentina,0.03,0.0,0.03,0.04,0.04,0.09,0.83,0.76,74.8,1.2,4.3,0.86,0.77,0.03,,-0.3,-1.2,0.31,0.0,0.31,0.88,29.3,0.41,C
Billing,C,,0.46,0.0,0.46,0.69,0.05,0.73,0.1,0.03,19.7,0.46,2.28,3.65,0.67,0.46,,-0.5,-0.1,0.46,0.0,0.46,1.22,40.8,0.24,C
Bohinen,C,,0.0,0.0,0.0,0.05,0.05,0.11,0.33,0.03,55.33,3.25,2.71,1.08,0.0,0.0,,-0.1,-0.1,0.0,0.0,0.0,1.16,38.8,0.27,C
Bondo,C,Cremonese,0.0,0.0,0.0,0.02,0.02,0.04,0.92,0.58,74.17,1.37,2.33,1.06,0.0,0.0,,-0.4,-0.4,0.35,0.05,0.3,1.41,46.9,0.13,C
Bove,C,,0.11,0.21,0.32,0.06,0.16,0.22,0.92,0.29,70.92,1.27,3.91,2.54,1.67,0.11,,0.4,0.5,0.32,0.0,0.32,0.37,12.2,0.82,A
Braunöder,C,,0.0,0.0,0.0,0.03,0.0,0.03,0.38,0.08,33.5,0.67,6.04,0.0,0.0,0.0,,-0.1,0.0,1.34,0.34,1.01,1.88,62.6,0.01,C
Brenner,C,Udinese,0.23,0.47,0.7,0.14,0.12,0.26,0.56,0.13,42.89,1.17,1.63,3.73,1.67,0.23,,0.4,1.5,0.0,0.0,0.0,0.43,14.3,0.75,B
Brescianini,C,Atalanta,0.36,0.18,0.54,0.28,0.09,0.37,0.31,0.24,34.17,4.18,3.27,6.27,1.29,0.36,,0.9,1.0,0.09,0.0,0.09,0.37,12.2,0.82,A
Busio,C,,0.07,0.0,0.07,0.09,0.06,0.14,0.85,0.74,76.3,2.14,3.4,4.83,0.83,0.07,,-0.4,-1.6,0.14,0.0,0.14,0.49,16.3,0.7,B
Cacace,C,,0.08,0.16,0.24,0.1,0.07,0.17,0.73,0.63,67.58,2.14,2.83,3.91,0.77,0.08,,-0.6,2.3,0.24,0.0,0.24,0.37,12.2,0.82,A
Cacciamani,C,,0.0,0.0,0.0,0.0,0.0,0.0,0.0,0.0,15.5,5.81,2.9,5.81,,0.0,,0.0,0.0,0.0,0.0,0.0,1.49,49.7,0.09,C
Camara,C,,0.0,0.0,0.0,0.24,0.16,0.4,0.05,0.03,21.29,3.62,5.44,7.05,0.0,0.0,,-1.2,-0.8,0.6,0.0,0.6,1.35,44.9,0.18,C
Caprari,C,,0.16,0.11,0.27,0.23,0.13,0.36,0.53,0.47,48.56,2.34,4.42,5.67,0.24,0.05,1.0,-1.2,-0.4,0.16,0.0,0.16,0.33,10.9,0.85,A
Caqueret,C,Como,0.17,0.25,0.41,0.07,0.12,0.19,0.83,0.39,60.39,1.24,6.29,3.81,2.5,0.17,,1.2,1.5,0.33,0.0,0.33,0.22,7.5,0.92,S
Casadei,C,Torino,0.09,0.09,0.18,0.11,0.04,0.14,0.87,0.34,67.8,1.24,3.19,1.06,0.83,0.09,,-0.2,0.6,0.09,0.0,0.09,0.41,13.6,0.78,A
Cassa,C,,0.0,0.0,0.0,0.0,0.0,0.0,0.0,0.0,7.0,6.43,6.43,12.86,,0.0,,0.0,0.0,0.0,0.0,0.0,1.37,45.6,0.16,C
Castrovilli,C,,0.0,0.0,0.0,0.05,0.13,0.18,0.38,0.21,35.43,1.81,4.11,4.11,0.0,0.0,,-0.4,-1.1,0.0,0.0,0.0,0.94,31.3,0.37,C
Cataldi,C,Lazio,0.16,0.0,0.16,0.06,0.04,0.1,0.92,0.61,69.12,0.94,4.69,0.83,2.73,0.16,,1.9,-0.8,0.05,0.0,0.05,0.57,19.0,0.61,B
Ciurria,C,,0.08,0.08,0.16,0.06,0.19,0.25,0.57,0.32,52.9,1.54,2.19,4.21,1.25,0.08,,0.2,-1.3,0.08,0.0,0.08,0.41,13.6,0.78,A
Coulibaly,C,Lecce,0.03,0.0,0.03,0.03,0.03,0.06,0.79,0.79,70.18,0.71,3.14,1.65,1.25,0.03,,0.2,-0.9,0.1,0.0,0.1,0.86,28.6,0.44,C
Cristante,C,Roma,0.18,0.09,0.26,0.09,0.06,0.15,0.77,0.61,68.17,1.1,6.38,1.8,1.9,0.18,,1.9,0.6,0.35,0.0,0.35,0.37,12.2,0.82,A
Cyprien,C,,0.0,0.0,0.0,0.64,0.0,0.64,0.0,0.0,14.0,3.21,6.43,0.0,0.0,0.0,,-0.2,0.0,0.0,0.0,0.0,1.43,47.6,0.11,C
Da Cunha,C,Como,0.1,0.07,0.17,0.07,0.13,0.2,0.83,0.79,72.58,2.17,5.3,2.93,1.5,0.1,,1.0,-1.8,0.14,0.0,0.14,0.16,5.4,0.94,S
De Ketelaere,C,Atalanta,0.3,0.3,0.61,0.32,0.26,0.58,0.69,0.66,57.5,4.7,6.09,9.17,0.96,0.3,,-0.3,1.0,0.04,0.0,0.04,0.04,1.4,0.99,S
Deiola,C,Cagliari,0.13,0.06,0.19,0.11,0.04,0.14,0.55,0.42,49.38,0.69,2.51,2.26,1.18,0.13,,0.3,0.4,0.38,0.0,0.38,0.78,25.9,0.51,B
Dele-Bashiru,C,Lazio,0.29,0.1,0.38,0.1,0.08,0.18,0.6,0.32,47.35,2.19,2.47,5.42,2.73,0.29,,1.9,0.2,0.0,0.0,0.0,0.29,9.5,0.87,A
Dia,C,Lazio,0.37,0.12,0.5,0.29,0.17,0.47,0.77,0.71,62.2,0.95,2.11,4.71,1.27,0.37,,1.9,-1.2,0.08,0.0,0.08,0.37,12.2,0.82,A
Doumbia,C,,0.0,0.0,0.0,0.1,0.01,0.11,0.42,0.26,39.12,1.15,2.11,2.78,0.0,0.0,,-1.0,-0.1,0.0,0.0,0.0,1.24,41.5,0.23,C
Duda,C,,0.04,0.11,0.15,0.04,0.12,0.16,0.96,0.71,85.54,0.86,4.4,0.98,1.0,0.04,,0.0,-0.2,0.49,0.04,0.45,0.69,23.1,0.54,B
Duncan,C,,0.0,0.0,0.0,0.08,0.1,0.18,0.75,0.32,59.81,1.03,4.98,1.13,0.0,0.0,,-0.8,-1.1,0.19,0.0,0.19,0.88,29.3,0.41,C
Ekkelenkamp,C,Udinese,0.14,0.1,0.24,0.13,0.06,0.2,0.59,0.53,55.65,1.62,3.42,4.09,1.07,0.14,,0.2,0.7,0.1,0.0,0.1,0.16,5.4,0.94,S
Ekong,C,,0.0,0.0,0.0,0.05,0.05,0.1,0.0,0.0,12.4,3.87,2.42,9.19,0.0,0.0,,-0.1,-0.1,0.48,0.0,0.48,1.57,52.4,0.07,C
El Azzouzi,C,Bologna,0.0,0.0,0.0,0.0,0.0,0.0,0.0,0.0,9.5,0.0,18.95,0.0,,0.0,,0.0,0.0,0.0,0.0,0.0,1.73,57.8,0.04,C
El Haddad,C,,0.0,0.0,0.0,0.0,0.0,0.0,0.0,0.0,10.0,3.0,3.0,18.0,,0.0,,0.0,0.0,0.0,0.0,0.0,1.43,47.6,0.11,C
Engelhardt,C,Como,0.08,0.08,0.15,0.05,0.12,0.16,0.42,0.29,44.77,1.39,4.18,1.39,1.67,0.08,,0.4,-0.5,0.31,0.0,0.31,0.51,17.0,0.68,B
Estévez,C,,0.0,0.0,0.0,0.01,0.11,0.12,0.5,0.18,46.93,0.41,4.11,0.55,0.0,0.0,,-0.1,-0.8,0.41,0.0,0.41,1.49,49.7,0.09,C
Fabbian,C,Bologna,0.26,0.09,0.35,0.2,0.11,0.32,0.3,0.24,34.1,1.23,1.5,3.78,1.3,0.26,,0.7,-0.3,0.18,0.0,0.18,0.59,19.7,0.6,B
Fagioli,C,Fiorentina,0.06,0.12,0.18,0.06,0.18,0.25,0.47,0.39,47.91,2.0,5.34,2.17,0.91,0.06,,-0.1,-1.1,0.23,0.0,0.23,0.43,14.3,0.75,B
Fazzini,C,Fiorentina,0.26,0.07,0.33,0.2,0.03,0.23,0.8,0.42,69.15,2.21,3.19,5.73,1.29,0.26,,0.9,0.5,0.13,0.07,0.07,0.27,8.8,0.89,A
Felici,C,Cagliari,0.0,0.29,0.29,0.06,0.1,0.16,0.45,0.24,46.25,3.79,1.85,7.3,0.0,0.0,,-0.6,2.0,0.1,0.0,0.1,0.82,27.2,0.48,C
Ferguson,C,Roma,0.09,0.09,0.18,0.09,0.1,0.19,0.62,0.26,61.44,1.83,4.85,2.38,0.0,0.0,1.0,0.0,-0.1,0.0,0.0,0.0,0.33,10.9,0.85,A
Fofana,C,Milan,0.04,0.22,0.25,0.05,0.12,0.17,0.83,0.76,71.54,1.58,6.33,1.15,0.77,0.04,,-0.3,2.6,0.18,0.0,0.18,0.31,10.2,0.86,A
Forson,C,,0.0,0.0,0.0,0.08,0.2,0.28,0.11,0.03,24.78,5.65,4.04,7.26,0.0,0.0,,-0.2,-0.5,0.0,0.0,0.0,0.98,32.7,0.36,C
Frattesi,C,Inter,0.37,0.07,0.44,0.29,0.06,0.35,0.32,0.24,43.75,1.69,2.28,3.67,1.25,0.37,,1.0,0.2,0.07,0.0,0.07,0.47,15.6,0.71,B
Frendrup,C,Genoa,0.06,0.0,0.06,0.05,0.03,0.07,1.0,0.92,88.66,0.7,3.07,0.84,1.25,0.06,,0.4,-0.9,0.15,0.0,0.15,0.84,27.9,0.46,C
Freuler,C,Bologna,0.03,0.06,0.08,0.04,0.04,0.08,1.0,0.97,86.59,1.1,5.84,1.57,0.77,0.03,,-0.3,0.5,0.17,0.0,0.17,0.59,19.7,0.6,B
Félix,C,,0.24,0.0,0.24,0.32,0.14,0.46,0.53,0.21,50.67,2.37,4.74,6.63,0.74,0.24,,-0.7,-1.2,0.36,0.0,0.36,0.67,22.4,0.55,B
Gaetano,C,Cagliari,0.18,0.36,0.54,0.44,0.2,0.63,0.29,0.21,36.04,0.98,3.66,7.31,0.41,0.18,,-2.9,1.8,0.0,0.0,0.0,0.53,17.7,0.66,B
Gagliardini,C,,0.0,0.0,0.0,0.0,0.1,0.1,0.0,0.0,22.5,2.5,5.5,1.5,,0.0,,0.0,-0.2,0.5,0.0,0.5,1.45,48.3,0.1,C
Gilmour,C,Napoli,0.0,0.08,0.08,0.04,0.14,0.18,0.5,0.34,45.27,0.84,5.12,1.38,0.0,0.0,,-0.5,-0.8,0.0,0.0,0.0,1.0,33.3,0.34,C
Gineitis,C,Torino,0.19,0.06,0.25,0.08,0.13,0.21,0.5,0.39,47.67,0.94,2.27,2.71,2.31,0.19,,1.7,-1.0,0.31,0.0,0.31,0.53,17.7,0.66,B
Gourna-Douath,C,,0.0,0.0,0.0,0.04,0.04,0.08,0.33,0.05,38.17,1.57,3.54,3.54,0.0,0.0,,-0.1,-0.1,0.79,0.0,0.79,1.37,45.6,0.16,C
Grassi,C,Cremonese,0.04,0.0,0.04,0.04,0.03,0.07,0.96,0.71,78.68,0.74,3.02,0.98,1.0,0.04,,0.0,-0.8,0.33,0.0,0.33,0.96,32.0,0.37,C
Guendouzi,C,Lazio,0.03,0.08,0.11,0.04,0.09,0.13,1.0,0.97,88.38,2.45,8.7,1.76,0.71,0.03,,-0.4,-0.2,0.19,0.0,0.19,0.43,14.3,0.75,B
Haas,C,,0.0,0.0,0.0,0.0,0.03,0.03,0.2,0.05,28.7,0.63,2.82,0.63,,0.0,,0.0,-0.1,0.31,0.0,0.31,1.69,56.5,0.05,C
Haj,C,,0.2,0.4,0.6,0.12,0.24,0.36,0.2,0.08,30.2,1.19,2.58,5.56,1.67,0.2,,0.4,0.8,0.79,0.0,0.79,0.8,26.5,0.49,C
Harroui,C,Verona,0.19,0.39,0.58,0.43,0.08,0.51,0.5,0.13,46.3,4.47,4.08,6.61,0.45,0.19,,-1.2,1.6,0.19,0.0,0.19,0.39,12.9,0.8,A
Henderson,C,,0.0,0.15,0.15,0.03,0.15,0.18,0.75,0.71,64.92,0.69,4.16,2.08,0.0,0.0,,-0.7,0.1,0.39,0.0,0.39,0.84,27.9,0.46,C
Hernani,C,Parma,0.2,0.2,0.41,0.19,0.1,0.29,0.6,0.39,53.08,1.97,5.29,2.71,0.0,0.0,1.0,0.2,1.5,0.47,0.0,0.47,0.39,12.9,0.8,A
Ilić,C,,0.1,0.0,0.1,0.09,0.11,0.2,0.47,0.24,48.42,2.35,4.4,4.01,1.11,0.1,,0.1,-1.1,0.39,0.0,0.39,0.61,20.4,0.59,B
Jóhann Helgason,C,,0.0,0.31,0.31,0.09,0.09,0.18,0.62,0.34,55.05,1.56,2.96,4.52,0.0,0.0,,-1.2,2.9,0.0,0.0,0.0,0.47,15.6,0.71,B
Kaba,C,Lecce,0.0,0.0,0.0,0.06,0.0,0.06,0.13,0.05,30.13,0.6,3.58,1.59,0.0,0.0,,-0.3,0.0,0.2,0.0,0.2,1.43,47.6,0.11,C
Karamoh,C,,0.0,0.09,0.09,0.1,0.08,0.18,0.34,0.26,36.07,3.18,2.41,6.88,0.0,0.0,,-1.2,0.1,0.17,0.0,0.17,0.82,27.2,0.48,C
Karlström,C,,0.0,0.08,0.08,0.02,0.03,0.05,0.97,0.95,86.11,0.65,3.81,1.3,0.0,0.0,,-0.7,1.9,0.25,0.0,0.25,1.06,35.4,0.31,C
Kasa,C,,0.0,0.0,0.0,0.43,0.04,0.47,0.25,0.05,28.75,0.39,2.74,2.74,0.0,0.0,,-1.1,-0.1,0.78,0.0,0.78,1.69,56.5,0.05,C
Kastanos,C,Verona,0.1,0.1,0.21,0.1,0.18,0.28,0.3,0.21,32.3,1.24,3.51,2.79,1.0,0.1,,0.0,-0.7,0.41,0.0,0.41,0.67,22.4,0.55,B
Keita,C,Parma,0.0,0.1,0.1,0.0,0.05,0.05,0.8,0.63,60.87,0.64,2.46,0.25,0.0,0.0,,-0.1,1.0,0.35,0.05,0.3,1.27,42.2,0.21,C
Kofod Andersen,C,,0.13,0.13,0.26,0.04,0.06,0.1,0.5,0.18,49.64,0.91,3.11,2.33,3.33,0.13,,0.7,0.5,0.13,0.0,0.13,0.49,16.3,0.7,B
Koné,C,,0.07,0.03,0.1,0.12,0.06,0.18,0.91,0.82,75.65,2.45,5.04,1.75,0.59,0.07,,-1.4,-0.7,0.21,0.0,0.21,0.51,17.0,0.68,B
Koopmeiners,C,Juventus,0.14,0.14,0.27,0.17,0.13,0.3,0.82,0.61,71.21,1.44,4.02,5.73,0.79,0.14,,-0.8,0.1,0.14,0.0,0.14,0.14,4.8,0.95,S
Kovalenko,C,,0.0,0.0,0.0,0.12,0.0,0.12,0.0,0.0,12.83,1.17,4.68,3.51,0.0,0.0,,-0.1,0.0,0.0,0.0,0.0,1.35,44.9,0.18,C
Le Fée,C,,0.0,0.0,0.0,0.06,0.03,0.08,0.67,0.11,53.0,4.25,7.92,0.85,0.0,0.0,,-0.2,-0.1,0.28,0.0,0.28,1.08,36.1,0.29,C
Lhassine Kone,C,,0.0,0.0,0.0,0.0,0.0,0.0,0.0,0.0,12.75,0.0,5.29,1.76,,0.0,,0.0,0.0,1.76,0.0,1.76,1.86,61.9,0.02,C
Linetty,C,,0.06,0.0,0.06,0.06,0.05,0.12,0.64,0.47,55.0,1.05,2.75,1.11,0.91,0.06,,-0.1,-0.9,0.35,0.0,0.35,0.9,29.9,0.39,C
Lobotka,C,Napoli,0.0,0.03,0.03,0.01,0.04,0.05,0.97,0.82,82.38,1.02,4.03,1.09,0.0,0.0,,-0.3,-0.2,0.1,0.0,0.1,0.88,29.3,0.41,C
Locatelli,C,Juventus,0.06,0.06,0.13,0.06,0.08,0.14,0.94,0.89,78.39,1.05,9.38,1.05,0.56,0.03,1.0,0.2,-0.5,0.29,0.0,0.29,0.57,19.0,0.61,B
Loftus-Cheek,C,Milan,0.0,0.0,0.0,0.06,0.16,0.23,0.53,0.26,54.58,2.34,4.43,2.78,0.0,0.0,,-0.7,-1.9,0.26,0.0,0.26,0.98,32.7,0.36,C
Lookman,C,Atalanta,0.6,0.2,0.8,0.41,0.28,0.7,0.9,0.74,72.48,5.69,2.92,12.66,1.36,0.56,1.0,4.7,-2.1,0.16,0.0,0.16,0.24,8.2,0.91,S
Lovrić,C,,0.08,0.12,0.19,0.1,0.13,0.23,0.86,0.82,64.11,2.34,4.68,2.77,0.77,0.08,,-0.6,-0.4,0.19,0.0,0.19,0.12,4.1,0.96,S
Luiz,C,,0.0,0.0,0.0,0.1,0.17,0.27,0.16,0.08,27.84,2.72,5.95,2.04,0.0,0.0,,-0.6,-1.0,0.34,0.0,0.34,1.24,41.5,0.23,C
Makoumbou,C,,0.0,0.13,0.13,0.01,0.04,0.05,0.82,0.71,65.15,0.46,3.85,0.59,0.0,0.0,,-0.3,2.1,0.21,0.04,0.17,1.18,39.5,0.26,C
Maldini,C,Atalanta,0.35,0.0,0.35,0.39,0.06,0.45,0.6,0.47,52.13,3.05,2.36,5.52,0.9,0.35,,-0.7,-1.1,0.29,0.0,0.29,0.65,21.8,0.57,B
Maleh,C,Lecce,0.0,0.06,0.06,0.05,0.05,0.11,0.77,0.45,68.64,0.6,4.29,2.21,0.0,0.0,,-0.9,0.1,0.36,0.06,0.3,1.04,34.7,0.32,C
Malinovskyi,C,Genoa,0.0,0.47,0.47,0.05,0.35,0.4,0.44,0.11,42.56,0.7,7.52,2.35,0.0,0.0,,-0.2,0.5,0.47,0.0,0.47,0.9,29.9,0.39,C
Mandragora,C,Fiorentina,0.19,0.14,0.33,0.13,0.22,0.35,0.76,0.58,66.59,0.51,4.29,1.58,1.11,0.14,1.0,1.3,-1.8,0.33,0.0,0.33,0.43,14.3,0.75,B
Marin,C,Pisa,0.19,0.13,0.32,0.15,0.23,0.38,0.39,0.34,42.61,1.41,5.38,1.86,0.42,0.06,1.0,0.6,-1.6,0.26,0.0,0.26,0.43,14.3,0.75,B
Martins,C,,0.0,0.49,0.49,0.0,0.2,0.2,0.11,0.03,20.33,1.48,2.95,4.92,,0.0,,0.0,0.6,0.49,0.0,0.49,1.06,35.4,0.31,C
Masini,C,Genoa,0.06,0.0,0.06,0.02,0.01,0.04,0.62,0.42,59.15,0.94,2.57,1.58,2.5,0.06,,0.6,-0.2,0.18,0.0,0.18,0.71,23.8,0.53,B
Mazzitelli,C,Cagliari,0.27,0.27,0.54,0.05,0.16,0.21,0.27,0.08,30.45,0.54,7.25,3.76,5.0,0.27,,0.8,0.4,0.27,0.0,0.27,0.61,20.4,0.59,B
McKennie,C,Juventus,0.08,0.16,0.23,0.11,0.14,0.25,0.84,0.71,72.19,1.09,3.94,5.96,0.69,0.08,,-0.9,0.5,0.12,0.0,0.12,0.24,8.2,0.91,S
McTominay,C,Napoli,0.37,0.12,0.49,0.23,0.08,0.31,0.97,0.87,86.41,1.72,3.43,4.01,1.62,0.37,,4.6,1.3,0.09,0.0,0.09,0.06,2.0,0.98,S
Melegoni,C,,0.0,1.01,1.01,0.0,0.51,0.51,0.33,0.03,29.67,0.0,1.01,2.02,,0.0,,0.0,0.5,0.0,0.0,0.0,1.06,35.4,0.31,C
Messias,C,Genoa,0.11,0.11,0.21,0.26,0.07,0.33,0.47,0.21,49.82,3.4,3.4,5.21,0.42,0.11,0.0,-1.4,0.3,0.11,0.0,0.11,0.57,19.0,0.61,B
Miretti,C,Juventus,0.16,0.16,0.32,0.17,0.11,0.27,0.88,0.58,67.08,1.77,2.9,5.37,0.97,0.16,,-0.1,1.0,0.11,0.0,0.11,0.16,5.4,0.94,S
Mkhitaryan,C,Inter,0.04,0.15,0.19,0.06,0.1,0.16,0.94,0.79,74.88,2.7,7.47,3.49,0.67,0.04,,-0.5,1.3,0.15,0.0,0.15,0.27,8.8,0.89,A
Moro,C,Sassuolo,0.0,0.15,0.15,0.04,0.06,0.1,0.68,0.39,54.91,1.27,6.93,1.56,0.0,0.0,,-0.5,1.2,0.07,0.0,0.07,0.65,21.8,0.57,B
Musah,C,Milan,0.0,0.11,0.11,0.11,0.1,0.21,0.66,0.5,54.17,2.92,4.81,4.24,0.0,0.0,,-1.9,0.2,0.29,0.0,0.29,0.55,18.4,0.64,B
Ndary Adopo,C,,0.04,0.04,0.07,0.04,0.09,0.13,0.77,0.71,68.83,0.75,3.96,2.28,0.91,0.04,,-0.1,-1.3,0.22,0.04,0.19,0.84,27.9,0.46,C
Ndour,C,Fiorentina,0.0,0.0,0.0,0.02,0.0,0.02,0.44,0.11,45.11,2.66,3.77,5.76,0.0,0.0,,-0.1,0.0,0.22,0.0,0.22,1.22,40.8,0.24,C
Nicolussi Caviglia,C,,0.13,0.06,0.19,0.08,0.07,0.14,0.94,0.87,81.74,0.63,4.4,0.69,1.67,0.13,,1.6,-0.1,0.25,0.03,0.22,0.63,21.1,0.58,B
Odgaard,C,Bologna,0.28,0.05,0.32,0.17,0.08,0.25,0.83,0.63,67.31,1.61,2.31,4.56,1.67,0.28,,2.4,-0.8,0.05,0.0,0.05,0.27,8.8,0.89,A
Onana,C,,0.0,0.0,0.0,0.0,0.03,0.03,0.22,0.05,33.78,0.3,3.26,1.18,,0.0,,0.0,-0.1,0.3,0.0,0.3,1.63,54.4,0.06,C
Ondrejka,C,Parma,1.07,0.0,1.07,0.28,0.13,0.41,0.25,0.08,35.17,2.77,2.35,4.48,3.85,1.07,,3.7,-0.6,0.0,0.0,0.0,0.69,23.1,0.54,B
Oudin,C,,0.0,0.0,0.0,0.03,0.18,0.21,0.27,0.08,27.18,0.6,3.91,4.82,0.0,0.0,,-0.1,-0.6,0.3,0.0,0.3,1.37,45.6,0.16,C
Oumar Conde,C,,0.0,0.0,0.0,0.0,0.0,0.0,0.11,0.03,16.78,1.19,4.77,2.98,,0.0,,0.0,0.0,1.19,0.0,1.19,1.55,51.7,0.08,C
Pafundi,C,Udinese,0.0,0.0,0.0,0.08,0.54,0.62,0.0,0.0,12.89,2.33,0.0,5.43,0.0,0.0,,-0.1,-0.7,0.0,0.0,0.0,1.39,46.3,0.14,C
Paredes,C,,0.2,0.07,0.26,0.15,0.1,0.25,0.68,0.39,62.41,1.11,6.95,0.92,0.43,0.07,1.0,0.7,-0.5,0.26,0.0,0.26,0.35,11.6,0.84,A
Payero,C,Udinese,0.07,0.07,0.13,0.08,0.08,0.16,0.64,0.42,55.24,2.15,3.32,2.87,0.83,0.07,,-0.2,-0.3,0.33,0.0,0.33,0.27,8.8,0.89,A
Paz,C,Como,0.2,0.27,0.47,0.31,0.2,0.51,0.86,0.79,76.77,2.58,5.46,5.73,0.65,0.2,0.0,-3.3,2.0,0.2,0.0,0.2,0.29,9.5,0.87,A
Pašalić,C,,0.14,0.18,0.32,0.3,0.15,0.45,0.68,0.61,57.85,2.01,6.82,3.11,0.45,0.14,0.0,-3.6,0.7,0.05,0.0,0.05,0.29,9.5,0.87,A
Pellegrini,C,Roma,0.11,0.06,0.17,0.26,0.14,0.4,0.8,0.53,65.04,1.49,3.38,4.54,0.21,0.06,1.0,-2.7,-1.5,0.22,0.0,0.22,0.49,16.3,0.7,B
Pereiro,C,,0.0,0.0,0.0,0.0,0.0,0.0,0.0,0.0,15.5,0.0,5.81,5.81,,0.0,,0.0,0.0,0.0,0.0,0.0,1.55,51.7,0.08,C
Perrone,C,Como,0.0,0.15,0.15,0.04,0.11,0.15,0.77,0.53,71.42,0.78,4.75,0.92,0.0,0.0,,-0.9,0.8,0.29,0.0,0.29,0.78,25.9,0.51,B
Pessina,C,,0.0,0.0,0.0,0.02,0.01,0.03,0.91,0.26,77.64,0.84,2.95,2.11,0.0,0.0,,-0.2,-0.1,0.21,0.0,0.21,1.29,42.9,0.2,C
Pierini,C,Sassuolo,0.0,0.0,0.0,0.0,0.11,0.11,0.0,0.0,41.5,1.08,2.17,4.34,,0.0,,0.0,-0.1,0.0,0.0,0.0,1.33,44.2,0.18,C
Pierret,C,Lecce,0.0,0.0,0.0,0.01,0.02,0.03,0.7,0.55,57.43,0.68,4.28,0.68,0.0,0.0,,-0.2,-0.4,0.1,0.0,0.1,1.2,40.1,0.26,C
Pisilli,C,Roma,0.15,0.07,0.22,0.2,0.05,0.25,0.39,0.29,43.82,1.61,4.62,3.23,0.74,0.15,,-0.7,0.3,0.51,0.0,0.51,0.55,18.4,0.64,B
Pobega,C,Bologna,0.15,0.15,0.31,0.16,0.11,0.27,0.62,0.34,56.1,0.92,3.21,1.76,0.95,0.15,,-0.1,0.6,0.61,0.15,0.46,0.55,18.4,0.64,B
Prati,C,Cagliari,0.0,0.0,0.0,0.02,0.11,0.13,0.67,0.21,47.5,0.32,3.63,1.11,0.0,0.0,,-0.1,-0.7,0.16,0.0,0.16,1.27,42.2,0.21,C
Pérez,C,,0.08,0.0,0.08,0.07,0.1,0.17,0.81,0.34,69.62,1.45,4.85,2.5,1.11,0.08,,0.1,-1.2,0.32,0.0,0.32,0.53,17.7,0.66,B
Rafia,C,Lecce,0.0,0.0,0.0,0.04,0.12,0.16,0.78,0.37,58.78,1.11,4.34,2.72,0.0,0.0,,-0.5,-1.4,0.34,0.0,0.34,1.0,33.3,0.34,C
Ramadani,C,Lecce,0.05,0.05,0.1,0.03,0.05,0.08,0.72,0.55,62.31,0.45,2.99,0.35,1.67,0.05,,0.4,-0.1,0.2,0.0,0.2,0.86,28.6,0.44,C
Reijnders,C,,0.29,0.12,0.4,0.22,0.1,0.32,0.97,0.95,84.54,3.19,6.62,3.48,1.33,0.29,,2.5,0.5,0.09,0.03,0.06,0.12,4.1,0.96,S
Ricci,C,Milan,0.03,0.03,0.06,0.04,0.02,0.06,1.0,0.89,83.09,1.37,3.7,0.96,0.77,0.03,,-0.3,0.4,0.29,0.03,0.25,0.86,28.6,0.44,C
Richardson,C,Fiorentina,0.08,0.08,0.16,0.07,0.05,0.12,0.37,0.26,40.7,1.56,3.85,2.54,1.11,0.08,,0.1,0.4,0.49,0.0,0.49,0.63,21.1,0.58,B
Roberto,C,,0.0,0.13,0.13,0.09,0.09,0.18,0.62,0.21,53.54,1.29,4.66,2.46,0.0,0.0,,-0.7,0.3,0.52,0.0,0.52,0.8,26.5,0.49,C
Rovella,C,Lazio,0.0,0.1,0.1,0.05,0.07,0.12,0.94,0.82,82.36,1.49,5.26,1.39,0.0,0.0,,-1.5,0.8,0.43,0.0,0.43,0.88,29.3,0.41,C
Samardzic,C,Atalanta,0.15,0.08,0.23,0.15,0.22,0.38,0.23,0.18,37.71,4.16,7.08,7.62,1.0,0.15,,0.0,-1.9,0.23,0.0,0.23,0.45,15.0,0.72,B
Sansone,C,,0.0,0.0,0.0,0.28,0.0,0.28,0.0,0.0,13.0,0.0,1.38,6.92,0.0,0.0,,-0.2,0.0,1.38,0.0,1.38,1.86,61.9,0.02,C
Sensi,C,,0.33,0.0,0.33,0.3,0.07,0.36,0.17,0.05,22.83,1.31,12.48,2.63,0.0,0.0,1.0,0.1,-0.2,0.0,0.0,0.0,0.86,28.6,0.44,C
Serdar,C,Verona,0.13,0.07,0.2,0.12,0.07,0.19,0.73,0.42,62.55,1.18,3.66,2.29,1.05,0.13,,0.1,0.0,0.33,0.07,0.26,0.43,14.3,0.75,B
Sohm,C,Fiorentina,0.12,0.0,0.12,0.09,0.06,0.16,0.97,0.95,80.78,2.08,4.22,2.02,1.29,0.12,,0.9,-2.1,0.18,0.0,0.18,0.45,15.0,0.72,B
Solbakken,C,,0.0,0.0,0.0,0.09,0.05,0.14,0.38,0.21,36.19,2.13,2.37,3.79,0.0,0.0,,-0.8,-0.4,0.24,0.0,0.24,1.12,37.4,0.28,C
Soulé,C,,0.25,0.25,0.51,0.15,0.26,0.41,0.81,0.58,65.96,4.24,4.5,9.65,1.67,0.25,,2.0,-0.2,0.15,0.0,0.15,0.04,1.4,0.99,S
Sulemana,C,Atalanta,0.64,0.0,0.64,0.19,0.0,0.19,0.33,0.08,31.44,0.64,3.82,0.64,3.33,0.64,,1.4,0.0,0.32,0.0,0.32,1.0,33.3,0.34,C
Suslov,C,Verona,0.0,0.04,0.04,0.07,0.08,0.15,0.87,0.71,67.1,1.69,3.55,3.33,0.0,0.0,,-1.6,-0.9,0.35,0.04,0.3,1.0,33.3,0.34,C
Tameze,C,Torino,0.0,0.0,0.0,0.06,0.11,0.17,0.45,0.24,32.45,2.22,3.19,2.91,0.0,0.0,,-0.4,-0.8,0.42,0.0,0.42,1.2,40.1,0.26,C
Thorsby,C,Genoa,0.0,0.05,0.05,0.13,0.1,0.23,0.73,0.58,63.27,1.14,2.75,3.6,0.0,0.0,,-2.8,-1.1,0.28,0.0,0.28,0.88,29.3,0.41,C
Thuram,C,Inter,0.15,0.19,0.35,0.14,0.14,0.27,0.74,0.68,66.46,2.86,4.76,2.01,1.14,0.15,,0.5,1.4,0.19,0.0,0.19,0.06,2.0,0.98,S
Tidiane Niasse,C,,0.0,0.0,0.0,0.05,0.01,0.06,0.73,0.21,68.64,0.6,2.98,1.79,0.0,0.0,,-0.4,-0.1,0.48,0.0,0.48,1.29,42.9,0.2,C
Urbanski,C,,0.12,0.0,0.12,0.05,0.07,0.12,0.47,0.18,49.8,1.81,6.75,3.98,2.5,0.12,,0.6,-0.6,0.36,0.0,0.36,0.73,24.5,0.52,B
Valoti,C,Cremonese,0.0,0.0,0.0,0.0,0.0,0.0,0.0,0.0,8.0,0.0,0.0,0.0,,0.0,,0.0,0.0,2.25,0.0,2.25,2.16,72.1,0.01,C
Vecino,C,Lazio,0.21,0.31,0.51,0.24,0.25,0.48,0.35,0.18,43.85,0.41,2.98,1.44,0.87,0.21,,-0.3,0.6,0.72,0.0,0.72,0.84,27.9,0.46,C
Verdi,C,,0.0,0.0,0.0,0.08,0.39,0.47,0.0,0.0,12.78,2.35,3.91,10.17,0.0,0.0,,-0.1,-0.5,0.78,0.0,0.78,1.47,49.0,0.1,C
Vignato,C,,0.0,0.0,0.0,0.06,0.0,0.06,0.18,0.08,27.65,0.96,3.26,5.74,0.0,0.0,,-0.3,0.0,0.0,0.0,0.0,1.31,43.5,0.19,C
Vlašić,C,,0.21,0.17,0.38,0.14,0.1,0.25,0.77,0.61,70.57,2.25,4.0,4.68,0.88,0.13,1.0,1.6,1.6,0.0,0.0,0.0,0.06,2.0,0.98,S
Zambo Anguissa,C,Napoli,0.19,0.13,0.32,0.14,0.08,0.21,0.91,0.84,81.49,0.76,4.54,3.76,1.36,0.19,,1.6,1.6,0.16,0.0,0.16,0.16,5.4,0.94,S
Zarraga,C,Udinese,0.1,0.0,0.1,0.04,0.04,0.08,0.41,0.24,40.73,0.7,2.81,2.31,2.5,0.1,,0.6,-0.4,0.0,0.0,0.0,0.88,29.3,0.41,C
Zeroli,C,,0.0,0.22,0.22,0.18,0.11,0.29,0.44,0.11,45.22,0.66,1.55,2.43,0.0,0.0,,-0.8,0.5,0.0,0.0,0.0,0.92,30.6,0.38,C
Zieliński,C,,0.18,0.18,0.37,0.24,0.08,0.32,0.31,0.21,37.69,2.39,5.97,2.2,0.0,0.0,1.0,-0.6,1.1,0.0,0.0,0.0,0.55,18.4,0.64,B
de Roon,C,,0.12,0.12,0.24,0.03,0.07,0.09,0.94,0.89,84.94,1.09,7.12,0.94,4.44,0.12,,3.1,1.7,0.15,0.0,0.15,0.39,12.9,0.8,A
Çalhanoğlu,C,,0.23,0.28,0.51,0.2,0.26,0.46,0.9,0.68,67.14,2.4,8.0,2.36,0.45,0.09,0.75,0.6,0.4,0.23,0.0,0.23,0.27,8.8,0.89,A
Éderson,C,,0.12,0.03,0.16,0.13,0.13,0.26,0.86,0.84,77.86,1.25,6.75,2.47,0.98,0.12,,-0.1,-3.3,0.19,0.03,0.16,0.43,14.3,0.75,B
Črnigoj,C,,0.0,0.0,0.0,0.07,0.0,0.07,0.12,0.03,17.0,2.65,2.65,3.97,0.0,0.0,,-0.1,0.0,0.0,0.0,0.0,1.37,45.6,0.16,C
Żurkowski,C,,0.0,0.0,0.0,0.08,0.0,0.08,0.0,0.0,21.2,0.85,0.85,2.55,0.0,0.0,,-0.1,0.0,0.0,0.0,0.0,1.57,52.4,0.07,C
Abraham,A,,0.23,0.3,0.53,0.54,0.17,0.71,0.41,0.32,40.83,0.61,2.05,5.4,0.28,0.15,0.5,-4.1,1.8,0.08,0.0,0.08,0.78,25.9,0.45,C
Adams,A,Torino,0.31,0.1,0.41,0.31,0.07,0.37,0.83,0.79,73.67,0.78,1.36,5.19,1.0,0.31,0.0,0.0,1.0,0.07,0.0,0.07,0.42,14.1,0.76,A
Ajayi,A,,0.0,0.0,0.0,0.0,0.0,0.0,0.0,0.0,6.5,0.0,6.92,0.0,,0.0,,0.0,0.0,0.0,0.0,0.0,1.71,57.0,0.03,C
Akpan Ankeye,A,,0.0,0.0,0.0,0.0,0.0,0.0,0.0,0.0,11.25,0.0,2.0,6.0,,0.0,,0.0,0.0,0.0,0.0,0.0,1.6,53.3,0.06,C
Alidou,A,,0.0,0.0,0.0,0.0,0.0,0.0,0.0,0.0,23.67,1.27,1.27,2.54,,0.0,,0.0,0.0,0.0,0.0,0.0,1.64,54.8,0.05,C
Almqvist,A,Parma,0.08,0.08,0.16,0.17,0.11,0.28,0.34,0.26,38.34,3.4,0.97,6.88,0.48,0.08,,-1.1,-0.3,0.4,0.0,0.4,1.11,37.0,0.25,C
Arnautović,A,,0.66,0.33,0.98,0.54,0.2,0.74,0.28,0.13,30.5,0.66,2.62,10.0,1.21,0.66,,0.7,0.8,0.16,0.0,0.16,0.33,11.1,0.84,A
Baldé,A,,0.28,0.0,0.28,0.16,0.03,0.18,0.73,0.21,58.0,2.68,4.94,4.09,1.82,0.28,,0.9,-0.2,0.28,0.0,0.28,0.76,25.2,0.48,C
Balotelli,A,,0.0,0.0,0.0,0.0,0.0,0.0,0.0,0.0,10.33,0.0,1.45,7.26,,0.0,,0.0,0.0,2.9,0.0,2.9,1.8,60.0,0.02,C
Banda,A,Lecce,0.0,0.15,0.15,0.18,0.16,0.34,0.4,0.16,40.67,3.98,1.03,6.79,0.0,0.0,,-1.2,-0.1,0.15,0.0,0.15,1.16,38.5,0.23,C
Belotti,A,,0.3,0.0,0.3,0.38,0.06,0.44,0.39,0.18,32.94,1.37,1.37,5.01,0.8,0.3,,-0.5,-0.4,0.15,0.0,0.15,0.76,25.2,0.48,C
Beltrán,A,,0.23,0.18,0.41,0.25,0.14,0.39,0.64,0.55,59.18,1.06,2.95,4.33,0.56,0.14,0.67,-0.4,1.0,0.28,0.0,0.28,0.67,22.2,0.55,B
Benedyczak,A,Parma,0.0,0.0,0.0,0.13,0.04,0.17,0.22,0.05,23.78,1.26,1.26,5.05,0.0,0.0,,-0.3,-0.1,0.0,0.0,0.0,1.47,48.9,0.12,C
Bonny,A,Inter,0.21,0.14,0.36,0.33,0.1,0.44,0.81,0.79,68.35,1.46,1.89,5.8,0.43,0.14,0.67,-3.4,1.1,0.07,0.0,0.07,0.64,21.5,0.57,B
Bravo,A,Udinese,0.26,0.13,0.4,0.12,0.05,0.17,0.14,0.11,23.52,0.92,2.38,5.15,2.22,0.26,,1.1,0.6,0.4,0.0,0.4,0.87,28.9,0.38,C
Burnete,A,,0.0,0.0,0.0,0.32,0.0,0.32,0.0,0.0,7.0,0.0,0.0,12.86,0.0,0.0,,-0.1,0.0,0.0,0.0,0.0,1.49,49.6,0.11,C
Camarda,A,Lecce,0.0,0.0,0.0,0.26,0.22,0.48,0.1,0.03,20.6,0.87,0.44,6.99,0.0,0.0,,-0.6,-0.5,0.0,0.0,0.0,1.24,41.5,0.2,C
Cambiaghi,A,Bologna,0.15,0.44,0.58,0.12,0.28,0.39,0.22,0.11,34.44,6.53,3.63,9.15,1.25,0.15,,0.2,1.1,0.0,0.0,0.0,0.47,15.6,0.74,B
Campaniello,A,,0.0,0.0,0.0,1.8,0.0,1.8,0.0,0.0,8.33,0.0,0.0,21.6,0.0,0.0,,-0.5,0.0,0.0,0.0,0.0,1.51,50.4,0.1,C
Cancellieri,A,Lazio,0.19,0.0,0.19,0.17,0.04,0.21,0.7,0.5,52.74,2.53,1.52,4.99,1.11,0.19,,0.3,-0.7,0.19,0.06,0.13,0.8,26.7,0.43,C
Castellanos,A,Lazio,0.38,0.11,0.49,0.51,0.14,0.64,0.97,0.74,82.21,1.02,2.49,5.62,0.6,0.3,0.67,-3.4,-0.6,0.38,0.04,0.34,0.78,25.9,0.45,C
Castro,A,Bologna,0.31,0.16,0.47,0.3,0.11,0.42,0.75,0.71,63.72,0.67,1.53,5.34,1.04,0.31,0.0,0.3,1.1,0.27,0.0,0.27,0.51,17.0,0.7,B
Cerri,A,,0.0,0.0,0.0,1.03,0.0,1.03,0.0,0.0,17.4,0.0,0.0,11.38,0.0,0.0,,-1.0,0.0,0.0,0.0,0.0,1.51,50.4,0.1,C
Charpentier,A,,0.33,0.66,1.0,0.43,0.3,0.73,0.0,0.0,27.1,1.99,2.32,5.31,0.77,0.33,,-0.3,1.1,0.33,0.0,0.33,0.91,30.4,0.35,C
Chukwueze,A,Milan,0.29,0.19,0.49,0.26,0.29,0.55,0.35,0.24,35.58,4.67,3.5,11.29,1.11,0.29,,0.3,-1.0,0.0,0.0,0.0,0.24,8.1,0.91,S
Cissè,A,,0.0,0.0,0.0,0.0,0.0,0.0,0.0,0.0,4.5,0.0,10.0,0.0,,0.0,,0.0,0.0,0.0,0.0,0.0,1.71,57.0,0.03,C
Colombo,A,Genoa,0.24,0.08,0.32,0.24,0.12,0.35,0.7,0.68,60.35,1.09,1.93,4.68,0.85,0.2,1.0,0.1,-0.9,0.24,0.04,0.2,0.8,26.7,0.43,C
Colpani,A,,0.12,0.06,0.19,0.17,0.08,0.25,0.72,0.47,58.0,2.3,3.54,8.01,0.74,0.12,,-0.7,-0.3,0.06,0.0,0.06,0.58,19.3,0.62,B
Coman,A,,0.34,0.0,0.34,0.07,0.0,0.07,0.22,0.05,29.22,1.71,1.71,7.53,5.0,0.34,,0.8,0.0,0.68,0.0,0.68,1.07,35.6,0.27,C
Conceição,A,,0.2,0.2,0.4,0.15,0.29,0.44,0.46,0.32,51.54,6.38,2.35,9.6,1.3,0.2,,0.7,-1.3,0.4,0.07,0.34,0.64,21.5,0.57,B
Cornet,A,,0.73,0.37,1.1,0.37,0.22,0.59,0.29,0.05,35.14,2.93,1.46,9.51,2.0,0.73,,1.0,0.4,0.0,0.0,0.0,0.29,9.6,0.88,A
Correa,A,,0.25,0.25,0.49,0.26,0.25,0.5,0.32,0.16,38.47,2.71,5.17,5.54,0.95,0.25,,-0.1,0.0,0.37,0.0,0.37,0.51,17.0,0.7,B
Cutrone,A,Como,0.31,0.18,0.48,0.31,0.09,0.4,0.7,0.61,62.03,2.33,1.36,6.81,0.99,0.31,0.0,-0.1,1.9,0.04,0.0,0.04,0.27,8.9,0.9,A
Dallinga,A,Bologna,0.23,0.16,0.39,0.34,0.05,0.38,0.35,0.29,37.23,0.7,1.33,6.55,0.7,0.23,,-1.3,1.4,0.08,0.0,0.08,0.47,15.6,0.74,B
Daniel Caprini,A,,0.0,0.0,0.0,0.0,0.0,0.0,0.0,0.0,4.0,0.0,11.25,33.75,,0.0,,0.0,0.0,0.0,0.0,0.0,1.51,50.4,0.1,C
Davis,A,Udinese,0.17,0.08,0.25,0.24,0.18,0.42,0.43,0.26,46.35,2.2,1.86,6.5,0.69,0.17,,-0.9,-1.1,0.17,0.0,0.17,0.69,23.0,0.52,B
Diao,A,Como,0.58,0.07,0.65,0.29,0.03,0.32,0.93,0.37,83.47,3.59,2.59,8.34,2.0,0.58,,4.0,0.6,0.14,0.0,0.14,0.2,6.7,0.94,S
Domínguez,A,,0.21,0.14,0.35,0.15,0.06,0.21,0.67,0.42,53.38,3.51,2.25,8.64,1.36,0.21,,0.8,1.2,0.0,0.0,0.0,0.33,11.1,0.84,A
Douvikas,A,Como,0.31,0.31,0.62,0.39,0.17,0.56,0.46,0.16,44.62,1.24,0.93,5.59,0.8,0.31,,-0.5,0.9,0.16,0.0,0.16,0.42,14.1,0.76,A
Dovbyk,A,Roma,0.45,0.07,0.52,0.44,0.09,0.53,0.84,0.71,75.56,0.89,0.6,6.51,0.84,0.37,1.0,0.1,-0.4,0.0,0.0,0.0,0.24,8.1,0.91,S
Dybala,A,Roma,0.38,0.19,0.57,0.41,0.32,0.72,0.67,0.42,59.04,2.6,5.02,7.75,0.47,0.19,1.0,-0.4,-2.0,0.13,0.0,0.13,0.38,12.6,0.81,A
Ekhator,A,Genoa,0.12,0.12,0.23,0.15,0.12,0.27,0.25,0.16,32.04,0.47,1.64,5.97,0.77,0.12,,-0.3,0.0,0.12,0.0,0.12,0.82,27.4,0.41,C
Ekuban,A,Genoa,0.16,0.49,0.65,0.45,0.13,0.58,0.17,0.08,30.83,1.14,1.3,6.81,0.36,0.16,,-1.8,2.2,0.16,0.0,0.16,0.96,31.9,0.31,C
Elmas,A,,0.35,0.0,0.35,0.12,0.04,0.16,0.92,0.32,78.54,3.7,3.0,5.11,2.86,0.35,,2.6,-0.4,0.0,0.0,0.0,0.4,13.3,0.79,A
Esposito,A,Cagliari,0.31,0.0,0.31,0.22,0.08,0.3,0.82,0.71,70.64,1.2,3.59,4.09,1.23,0.27,0.5,2.3,-2.1,0.04,0.0,0.04,0.64,21.5,0.57,B
Fadera,A,Sassuolo,0.05,0.16,0.22,0.09,0.22,0.31,0.71,0.53,58.71,4.05,1.97,8.76,0.59,0.05,,-0.7,-1.0,0.16,0.05,0.11,0.87,28.9,0.38,C
Fila,A,,0.37,0.0,0.37,0.26,0.05,0.31,0.6,0.16,49.2,0.91,1.46,5.49,1.43,0.37,,0.6,-0.3,0.73,0.18,0.55,0.76,25.2,0.48,C
Folorunsho,A,Cagliari,0.0,0.0,0.0,0.16,0.08,0.24,0.3,0.16,34.25,1.71,2.76,4.6,0.0,0.0,,-1.2,-0.6,0.66,0.0,0.66,1.6,53.3,0.06,C
Gabrielloni,A,Como,0.63,0.63,1.27,0.19,0.51,0.7,0.0,0.0,9.47,3.17,3.8,8.24,3.33,0.63,,0.7,0.2,0.63,0.0,0.63,0.93,31.1,0.32,C
Ganvoula M'Boussy,A,,0.0,0.0,0.0,0.11,0.06,0.17,0.57,0.11,46.57,0.83,1.1,5.8,0.0,0.0,,-0.4,-0.2,0.0,0.0,0.0,1.22,40.7,0.21,C
Giménez,A,,0.67,0.27,0.94,0.65,0.12,0.77,0.5,0.18,47.79,1.75,0.81,5.11,1.04,0.67,0.0,0.2,1.1,0.54,0.13,0.4,0.76,25.2,0.48,C
González,A,,0.15,0.1,0.26,0.21,0.06,0.27,0.88,0.61,67.31,1.8,3.55,6.33,0.73,0.15,,-1.1,0.9,0.15,0.0,0.15,0.69,23.0,0.52,B
Guðmundsson,A,,0.42,0.07,0.49,0.32,0.13,0.45,0.67,0.42,53.04,2.47,2.62,4.17,0.89,0.28,1.0,1.5,-0.8,0.14,0.0,0.14,0.29,9.6,0.88,A
Gytkjær,A,,0.24,0.12,0.36,0.29,0.06,0.35,0.21,0.16,26.0,0.36,0.6,6.21,0.42,0.12,1.0,-0.4,0.5,0.0,0.0,0.0,0.87,28.9,0.38,C
Ikone,A,,0.21,0.0,0.21,0.27,0.03,0.3,0.22,0.16,32.37,3.6,3.09,9.68,0.77,0.21,,-0.6,-0.3,0.1,0.0,0.1,0.6,20.0,0.61,B
Iling-Junior,A,,0.76,0.0,0.76,0.08,0.08,0.15,0.0,0.0,16.86,3.81,5.34,20.59,10.0,0.76,,0.9,-0.1,0.0,0.0,0.0,0.89,29.6,0.37,C
Isaksen,A,Lazio,0.16,0.08,0.24,0.21,0.09,0.3,0.78,0.76,59.73,3.87,1.87,10.14,0.77,0.16,,-1.2,-0.1,0.2,0.0,0.2,0.67,22.2,0.55,B
Jasim,A,,0.0,0.0,0.0,0.0,0.0,0.0,0.0,0.0,5.0,9.0,9.0,9.0,,0.0,,0.0,0.0,0.0,0.0,0.0,1.44,48.1,0.14,C
Jović,A,,0.32,0.0,0.32,0.39,0.23,0.61,0.4,0.16,37.13,1.29,4.2,3.88,0.83,0.32,,-0.4,-1.4,0.16,0.0,0.16,0.8,26.7,0.43,C
Karlsson,A,Bologna,0.23,0.0,0.23,0.25,0.08,0.33,0.45,0.24,39.65,1.93,2.04,7.15,0.45,0.11,1.0,-0.2,-0.7,0.34,0.0,0.34,0.98,32.6,0.3,C
Kean,A,Fiorentina,0.63,0.1,0.73,0.65,0.06,0.71,0.97,0.82,84.5,1.4,0.87,4.76,0.93,0.6,0.5,-0.4,1.1,0.2,0.0,0.2,0.51,17.0,0.7,B
Kolo Muani,A,,0.62,0.08,0.7,0.36,0.12,0.49,0.81,0.34,72.5,1.63,1.55,7.76,1.49,0.54,1.0,3.3,-0.6,0.0,0.0,0.0,0.11,3.7,0.97,S
Konate,A,,0.0,0.78,0.78,0.16,0.0,0.16,0.0,0.0,9.67,3.88,1.55,5.43,0.0,0.0,,-0.2,1.0,0.0,0.0,0.0,1.56,51.9,0.08,C
Kouamé,A,,0.08,0.08,0.16,0.3,0.18,0.48,0.38,0.26,43.42,0.96,2.31,6.78,0.26,0.08,,-2.8,-1.2,0.08,0.0,0.08,0.93,31.1,0.32,C
Krstović,A,,0.32,0.15,0.47,0.36,0.09,0.44,1.0,0.97,82.62,1.24,1.65,4.39,0.74,0.26,0.67,-1.1,2.1,0.18,0.0,0.18,0.56,18.5,0.64,B
Kvaratskhelia,A,,0.38,0.23,0.61,0.31,0.28,0.6,0.88,0.39,69.29,5.65,4.35,6.8,0.98,0.31,1.0,0.9,-0.7,0.08,0.0,0.08,0.04,1.5,0.98,S
Lambourde,A,,1.01,0.0,1.01,0.2,0.1,0.3,0.0,0.0,12.71,1.01,0.0,12.13,5.0,1.01,,0.8,-0.1,1.01,0.0,1.01,1.13,37.8,0.24,C
Lapadula,A,,0.0,0.0,0.0,0.41,0.03,0.44,0.08,0.03,25.83,2.03,2.03,4.65,0.0,0.0,,-1.4,-0.1,0.29,0.0,0.29,1.56,51.9,0.08,C
Leão,A,,0.31,0.31,0.62,0.29,0.33,0.62,0.74,0.66,68.32,4.77,3.6,10.15,1.05,0.31,,0.4,-0.4,0.19,0.0,0.19,0.11,3.7,0.97,S
Livramento,A,,0.1,0.1,0.19,0.17,0.09,0.26,0.28,0.21,32.41,2.2,1.24,6.41,0.56,0.1,,-0.8,0.1,0.29,0.1,0.19,1.02,34.1,0.29,C
Lucca,A,Napoli,0.46,0.04,0.5,0.29,0.06,0.35,0.82,0.71,71.3,0.57,0.69,3.75,1.45,0.42,1.0,4.4,-0.6,0.38,0.0,0.38,0.62,20.7,0.59,B
Lukaku,A,Napoli,0.44,0.32,0.76,0.41,0.12,0.53,0.97,0.92,78.97,0.98,1.14,6.93,0.85,0.35,0.75,1.0,6.1,0.13,0.0,0.13,0.2,6.7,0.94,S
Luvumbo,A,Cagliari,0.11,0.11,0.22,0.12,0.17,0.29,0.73,0.5,61.77,3.92,1.74,7.0,0.95,0.11,,-0.1,-1.1,0.11,0.0,0.11,0.51,17.0,0.7,B
Man,A,Parma,0.18,0.18,0.36,0.25,0.19,0.44,0.7,0.61,60.45,3.02,2.71,6.41,0.73,0.18,,-1.5,-0.2,0.0,0.0,0.0,0.42,14.1,0.76,A
Marić,A,,0.0,0.0,0.0,0.16,0.0,0.16,0.28,0.13,25.67,0.97,2.34,6.82,0.0,0.0,,-0.8,0.0,0.0,0.0,0.0,1.29,43.0,0.18,C
Martínez,A,,0.42,0.11,0.53,0.47,0.15,0.62,1.0,0.82,82.71,1.19,2.39,6.91,0.89,0.42,,-1.5,-1.3,0.04,0.0,0.04,0.22,7.4,0.92,S
Mbangula,A,,0.38,0.38,0.76,0.08,0.18,0.25,0.3,0.18,30.83,3.17,2.16,5.59,5.0,0.38,,2.4,1.6,0.13,0.0,0.13,0.56,18.5,0.64,B
Mihaila,A,,0.0,0.21,0.21,0.17,0.08,0.25,0.76,0.42,61.33,1.75,2.86,5.03,0.0,0.0,,-2.4,1.8,0.14,0.0,0.14,1.11,37.0,0.25,C
Morata,A,Como,0.41,0.0,0.41,0.32,0.07,0.38,0.81,0.34,68.69,1.47,2.13,5.16,1.28,0.41,,1.1,-0.8,0.41,0.0,0.41,0.42,14.1,0.76,A
Morente,A,,0.13,0.09,0.22,0.13,0.07,0.2,0.74,0.61,65.19,2.14,4.54,6.41,1.03,0.13,,0.1,0.4,0.22,0.0,0.22,0.51,17.0,0.7,B
Mosquera,A,Verona,0.33,0.07,0.39,0.43,0.09,0.52,0.34,0.32,39.29,1.11,1.64,5.43,0.76,0.33,,-1.6,-0.3,0.26,0.0,0.26,0.76,25.2,0.48,C
Mota,A,,0.21,0.09,0.3,0.22,0.08,0.3,0.77,0.63,67.87,2.27,2.01,5.95,0.98,0.21,,-0.1,0.2,0.13,0.0,0.13,0.4,13.3,0.79,A
Mutandwa,A,,0.0,0.0,0.0,0.28,0.0,0.28,0.0,0.0,21.17,0.71,0.0,4.96,0.0,0.0,,-0.4,0.0,0.0,0.0,0.0,1.6,53.3,0.06,C
N'dri,A,,0.0,0.0,0.0,0.15,0.06,0.21,0.18,0.05,27.82,4.71,0.59,6.47,0.0,0.0,,-0.5,-0.2,0.0,0.0,0.0,1.44,48.1,0.14,C
Ndoye,A,Bologna,0.34,0.17,0.5,0.29,0.16,0.45,0.87,0.68,71.43,5.54,3.11,9.7,0.86,0.25,1.0,1.0,0.2,0.17,0.0,0.17,0.09,3.0,0.98,S
Neres,A,Napoli,0.14,0.28,0.42,0.19,0.25,0.43,0.46,0.34,45.82,5.12,2.24,10.03,0.74,0.14,,-0.7,0.5,0.07,0.0,0.07,0.33,11.1,0.84,A
Ngonge,A,Torino,0.0,0.0,0.0,0.29,0.17,0.46,0.06,0.03,12.0,2.92,3.33,15.0,0.0,0.0,,-0.7,-0.4,0.83,0.0,0.83,1.47,48.9,0.12,C
Nije,A,,0.23,0.0,0.23,0.34,0.09,0.43,0.0,0.0,24.62,2.28,1.6,5.94,0.67,0.23,,-0.5,-0.4,0.23,0.0,0.23,1.02,34.1,0.29,C
Noslin,A,Lazio,0.21,0.21,0.42,0.21,0.17,0.38,0.27,0.21,28.7,1.36,1.67,5.85,1.0,0.21,,0.0,0.4,0.21,0.0,0.21,0.6,20.0,0.61,B
Okafor,A,Milan,0.2,0.0,0.2,0.3,0.18,0.48,0.33,0.13,30.27,5.55,2.58,10.7,0.67,0.2,,-0.5,-0.9,0.0,0.0,0.0,0.6,20.0,0.61,B
Oristanio,A,,0.12,0.12,0.23,0.16,0.1,0.26,0.78,0.76,62.57,2.8,2.49,5.09,0.73,0.12,,-1.1,0.4,0.12,0.0,0.12,0.56,18.5,0.64,B
Orsolini,A,Bologna,0.72,0.19,0.91,0.48,0.18,0.66,0.77,0.61,62.6,2.92,3.31,8.91,1.19,0.58,1.0,4.9,0.3,0.1,0.0,0.1,0.0,0.0,1.0,S
Pavoletti,A,Cagliari,0.4,0.0,0.4,0.55,0.2,0.75,0.04,0.03,17.12,0.2,3.44,5.26,0.74,0.4,,-0.7,-1.0,1.01,0.0,1.01,1.02,34.1,0.29,C
Pedro,A,Lazio,0.82,0.08,0.9,0.43,0.14,0.57,0.2,0.16,36.73,3.92,6.21,7.27,1.51,0.65,1.0,4.7,-0.7,0.16,0.0,0.16,0.4,13.3,0.79,A
Pellegri,A,,0.65,0.0,0.65,0.07,0.13,0.2,0.45,0.13,37.64,2.61,1.74,6.09,10.0,0.65,,2.7,-0.6,0.43,0.0,0.43,0.91,30.4,0.35,C
Pellegrino,A,Parma,0.37,0.12,0.49,0.4,0.09,0.49,0.62,0.21,56.69,0.73,1.83,4.52,0.91,0.37,,-0.3,0.3,0.24,0.0,0.24,0.53,17.8,0.66,B
Perciun,A,,0.0,0.0,0.0,0.0,0.06,0.06,0.0,0.0,30.4,1.18,2.37,7.11,,0.0,,0.0,-0.1,0.0,0.0,0.0,1.31,43.7,0.17,C
Petagna,A,,0.0,0.0,0.0,0.05,0.0,0.05,0.15,0.05,25.77,0.54,0.27,4.57,0.0,0.0,,-0.2,0.0,0.27,0.0,0.27,1.93,64.4,0.01,C
Piccoli,A,Cagliari,0.29,0.03,0.32,0.37,0.03,0.39,1.0,0.97,84.51,0.86,1.06,4.75,0.71,0.26,1.0,-2.7,0.1,0.17,0.0,0.17,0.69,23.0,0.52,B
Pierotti,A,Lecce,0.19,0.09,0.28,0.14,0.11,0.26,0.61,0.58,53.81,2.0,1.77,3.95,1.29,0.19,,0.9,-0.4,0.33,0.05,0.28,0.91,30.4,0.35,C
Pinamonti,A,Sassuolo,0.32,0.03,0.35,0.24,0.05,0.3,0.92,0.87,79.17,0.63,1.45,4.17,1.3,0.32,0.0,2.3,-0.7,0.13,0.0,0.13,0.73,24.4,0.5,B
Pizarro,A,Udinese,0.0,0.0,0.0,0.0,0.0,0.0,0.0,0.0,8.0,0.0,0.0,0.0,,0.0,,0.0,0.0,0.0,0.0,0.0,1.78,59.3,0.02,C
Pohjanpalo,A,,0.34,0.0,0.34,0.42,0.1,0.52,0.95,0.5,80.15,0.51,1.63,4.04,0.4,0.17,0.75,-1.5,-1.7,0.06,0.0,0.06,0.84,28.1,0.4,C
Politano,A,Napoli,0.1,0.13,0.22,0.1,0.15,0.25,0.92,0.89,75.78,4.33,4.14,8.92,0.97,0.1,,-0.1,-0.8,0.1,0.0,0.1,0.51,17.0,0.7,B
Pulisic,A,Milan,0.4,0.33,0.73,0.44,0.23,0.67,0.85,0.76,72.88,4.39,3.81,6.94,0.67,0.29,0.75,-1.0,2.6,0.04,0.0,0.04,0.27,8.9,0.9,A
Raimondo,A,,0.0,0.0,0.0,0.29,0.1,0.38,0.0,0.0,10.44,1.91,1.91,6.7,0.0,0.0,,-0.3,-0.1,0.0,0.0,0.0,1.38,45.9,0.16,C
Raspadori,A,Napoli,0.49,0.08,0.57,0.33,0.2,0.52,0.42,0.29,42.42,1.47,3.43,4.65,1.5,0.49,,2.0,-1.4,0.08,0.0,0.08,0.36,11.9,0.82,A
Rebić,A,,0.11,0.0,0.11,0.24,0.24,0.48,0.26,0.18,29.19,1.94,4.11,7.2,0.48,0.11,,-1.1,-2.1,0.57,0.23,0.34,1.16,38.5,0.23,C
Retegui,A,,0.94,0.3,1.25,0.71,0.19,0.9,0.89,0.84,66.19,0.79,1.74,7.52,1.11,0.79,0.8,6.1,3.1,0.11,0.0,0.11,0.13,4.4,0.95,S
Sanabria,A,Cremonese,0.14,0.07,0.2,0.2,0.03,0.23,0.62,0.42,50.69,0.41,1.23,3.69,0.69,0.14,0.0,-0.9,0.5,0.14,0.0,0.14,1.2,40.0,0.22,C
Sarr,A,Verona,0.19,0.05,0.24,0.15,0.1,0.25,0.78,0.66,59.59,1.46,1.93,4.86,1.25,0.19,,0.8,-1.1,0.05,0.0,0.05,0.69,23.0,0.52,B
Shomurodov,A,,0.33,0.33,0.66,0.39,0.11,0.49,0.41,0.29,40.63,1.56,1.72,5.09,0.85,0.33,,-0.7,2.7,0.08,0.0,0.08,0.31,10.4,0.86,A
Simeone,A,Torino,0.21,0.21,0.43,0.56,0.17,0.73,0.03,0.03,13.97,2.36,1.5,6.44,0.38,0.21,,-1.6,0.2,0.21,0.0,0.21,0.91,30.4,0.35,C
Sottil,A,Lecce,0.09,0.09,0.19,0.1,0.11,0.22,0.38,0.24,39.83,7.72,1.98,10.73,0.91,0.09,,-0.1,-0.2,0.09,0.0,0.09,0.82,27.4,0.41,C
Strefezza,A,Como,0.21,0.14,0.34,0.13,0.13,0.26,0.86,0.84,70.78,2.75,3.64,6.53,1.62,0.21,,2.3,0.1,0.17,0.0,0.17,0.38,12.6,0.81,A
Sánchez,A,,0.0,0.0,0.0,0.16,0.04,0.21,0.46,0.16,33.62,0.41,3.91,3.91,0.0,0.0,,-0.8,-0.2,0.0,0.0,0.0,1.38,45.9,0.16,C
Taremi,A,Inter,0.11,0.22,0.33,0.39,0.18,0.56,0.27,0.18,31.38,1.1,2.76,5.18,0.0,0.0,1.0,-2.5,0.4,0.11,0.0,0.11,0.93,31.1,0.32,C
Tchaouna,A,,0.14,0.0,0.14,0.34,0.08,0.42,0.25,0.16,27.5,3.0,2.73,9.0,0.4,0.14,,-1.5,-0.6,0.68,0.14,0.55,1.24,41.5,0.2,C
Tengstedt,A,,0.36,0.06,0.42,0.31,0.05,0.37,0.8,0.53,60.68,1.72,1.72,5.04,0.94,0.3,1.0,0.7,0.1,0.12,0.0,0.12,0.29,9.6,0.88,A
Thauvin,A,Udinese,0.37,0.14,0.51,0.37,0.17,0.55,0.96,0.63,78.24,4.23,4.14,6.81,0.86,0.32,0.33,-0.1,-0.8,0.0,0.0,0.0,0.18,5.9,0.95,S
Thuram,A,Inter,0.55,0.16,0.71,0.39,0.17,0.56,0.84,0.71,71.56,2.44,2.08,6.68,1.41,0.55,,4.1,-0.4,0.04,0.0,0.04,0.02,0.7,0.99,S
Venturino,A,Genoa,1.08,0.0,1.08,0.38,0.11,0.49,0.17,0.03,27.83,2.69,3.77,5.39,2.86,1.08,,1.3,-0.2,0.0,0.0,0.0,0.53,17.8,0.66,B
Viola,A,,0.21,0.07,0.28,0.16,0.13,0.29,0.67,0.47,46.93,1.49,3.27,4.97,1.36,0.21,,0.8,-0.9,0.14,0.0,0.14,0.53,17.8,0.66,B
Vitinha,A,Genoa,0.14,0.2,0.34,0.11,0.22,0.33,0.64,0.42,53.12,2.58,1.29,4.81,1.25,0.14,,0.4,-0.3,0.14,0.0,0.14,0.64,21.5,0.57,B
Vlahović,A,,0.5,0.2,0.71,0.62,0.07,0.69,0.72,0.55,61.52,1.36,1.11,5.9,0.49,0.3,1.0,-2.3,2.7,0.15,0.0,0.15,0.51,17.0,0.7,B
Vlahović,A,,0.0,0.0,0.0,0.3,0.15,0.45,0.0,0.0,20.0,0.0,0.0,7.5,0.0,0.0,,-0.2,-0.1,0.0,0.0,0.0,1.4,46.7,0.15,C
Yeboah,A,,0.07,0.07,0.15,0.22,0.14,0.36,0.33,0.29,37.15,3.67,3.08,6.46,0.33,0.07,,-2.0,-0.9,0.44,0.0,0.44,1.27,42.2,0.19,C
Yıldız,A,,0.26,0.15,0.41,0.16,0.19,0.35,0.8,0.74,68.63,4.31,4.53,8.36,1.63,0.26,,2.7,-1.0,0.11,0.04,0.07,0.29,9.6,0.88,A
Zaccagni,A,Lazio,0.27,0.2,0.47,0.21,0.15,0.37,0.97,0.87,79.0,3.05,3.82,8.85,0.94,0.2,1.0,1.6,1.4,0.34,0.0,0.34,0.36,11.9,0.82,A
Zaniolo,A,,0.26,0.26,0.52,0.21,0.09,0.3,0.17,0.11,30.39,1.93,2.32,6.82,1.25,0.26,,0.4,1.3,0.9,0.13,0.77,0.8,26.7,0.43,C
Zanoli,A,Napoli,0.05,0.0,0.05,0.02,0.08,0.11,0.61,0.5,55.19,3.42,1.42,4.73,2.5,0.05,,0.6,-1.6,0.16,0.0,0.16,1.09,36.3,0.26,C
Zapata,A,Torino,0.46,0.0,0.46,0.52,0.08,0.6,1.0,0.18,83.86,0.92,1.07,5.52,0.88,0.46,,-0.4,-0.5,0.15,0.0,0.15,0.47,15.6,0.74,B
Đurić,A,,0.29,0.06,0.35,0.19,0.06,0.25,0.59,0.42,56.96,0.12,1.64,2.11,1.56,0.29,,1.8,-0.1,0.23,0.0,0.23,0.64,21.5,0.57,B
